horodatage;timezone;sha_model;groupe;ticker;source;spot;prob_ml;seuil_ml;prob_implicite;ratio;direction;decision;raison;side;strike;expiry;dte;bid;ask;mid;iv;delta;theta_jour;vega;cout_entree_ask;ret_1s;ret_3s;ret_5s;exit_bid_1s;exit_bid_3s;exit_bid_5s;pnl_option_est_5s_pct;resultat_direction_seule;statut
2026-07-13T15:32:56-04:00;America/New_York;11fa6982d2cf3659;scan;AAPL;yahoo;316.28;0.0219;0.323;0.0612;0.358;0.411;rejet_prob;prob 0.022 < seuil 0.323;;;;;;;;;;;;;-0.00449;0.05369;0.0326;;;;;0.0326;complet
2026-07-13T15:32:57-04:00;America/New_York;11fa6982d2cf3659;scan;NVDA;yahoo;204.13;0.2616;0.323;0.1647;1.588;0.261;rejet_prob;prob 0.262 < seuil 0.323;;;;;;;;;;;;;0.03757;0.01602;-0.00416;;;;;-0.00416;complet
2026-07-13T15:32:58-04:00;America/New_York;11fa6982d2cf3659;scan;TSLA;yahoo;392.4;0.2202;0.323;0.0563;3.911;0.114;rejet_prob;prob 0.220 < seuil 0.323;;;;;;;;;;;;;0.00963;-0.00341;-0.05818;;;;;-0.05818;complet
2026-07-13T15:32:59-04:00;America/New_York;11fa6982d2cf3659;scan;AMD;yahoo;535.35;0.2483;0.323;0.1683;1.475;0.231;rejet_prob;prob 0.248 < seuil 0.323;;;;;;;;;;;;;0.02387;-0.06428;-0.05936;;;;;-0.05936;complet
2026-07-13T15:32:59-04:00;America/New_York;11fa6982d2cf3659;scan;META;yahoo;658.5799;0.0472;0.323;0.1334;0.354;0.712;rejet_prob;prob 0.047 < seuil 0.323;;;;;;;;;;;;;0.00374;0.00905;-0.01933;;;;;-0.01933;complet
2026-07-13T15:33:00-04:00;America/New_York;11fa6982d2cf3659;scan;SPY;yahoo;748.7;0.2996;0.323;0.1252;2.393;-0.174;rejet_prob;prob 0.300 < seuil 0.323;;;;;;;;;;;;;0.00418;0.0027;-0.00883;;;;;0.00883;complet
2026-07-13T15:33:01-04:00;America/New_York;11fa6982d2cf3659;scan;QQQ;yahoo;711.13;0.2136;0.323;0.074;2.886;-0.419;rejet_prob;prob 0.214 < seuil 0.323;;;;;;;;;;;;;0.01204;-0.0073;-0.02119;;;;;0.02119;complet
2026-07-13T15:33:02-04:00;America/New_York;11fa6982d2cf3659;scan;COIN;yahoo;155.77;0.1883;0.323;0.2926;0.644;0.102;rejet_prob;prob 0.188 < seuil 0.323;;;;;;;;;;;;;0.03679;0.0303;0.02992;;;;;0.02992;complet
2026-07-13T15:33:02-04:00;America/New_York;11fa6982d2cf3659;scan;PLTR;yahoo;128.2;0.1093;0.323;0.2002;0.546;0.183;rejet_prob;prob 0.109 < seuil 0.323;;;;;;;;;;;;;0.04306;0.04867;0.05187;;;;;0.05187;complet
2026-07-13T15:33:02-04:00;America/New_York;11fa6982d2cf3659;C;PLTR;yahoo;128.2;0.1093;0.323;0.2002;0.546;0.183;controle_aleatoire;contrôle apparié, direction aléatoire hausse;;;;;;;;;;;;;0.04306;0.04867;0.05187;;;;;0.05187;complet
2026-07-13T15:33:03-04:00;America/New_York;11fa6982d2cf3659;scan;SOFI;yahoo;18.1464;0.2169;0.323;0.4136;0.524;0.41;rejet_prob;prob 0.217 < seuil 0.323;;;;;;;;;;;;;0.02224;-0.04554;-0.06262;;;;;-0.06262;complet
2026-07-13T15:33:03-04:00;America/New_York;11fa6982d2cf3659;A;SOFI;yahoo;18.1464;0.2169;0.323;0.4136;0.524;0.41;rejet_prob;prob 0.217 < seuil 0.323;call;19.5;2026-08-07;25.0;0.85;0.89;0.87;0.7227;0.394;-0.0272;0.0183;89.0;0.02224;-0.04554;-0.06262;1.03;0.37;0.38;-0.6317;-0.06262;complet
2026-07-13T15:33:03-04:00;America/New_York;11fa6982d2cf3659;scan;MARA;yahoo;12.0543;0.1526;0.323;0.2638;0.578;-0.183;rejet_prob;prob 0.153 < seuil 0.323;;;;;;;;;;;;;0.00877;-0.05262;-0.03188;;;;;0.03188;complet
2026-07-13T15:33:04-04:00;America/New_York;11fa6982d2cf3659;scan;F;yahoo;13.8423;0.2543;0.323;0.4107;0.619;0.099;rejet_prob;prob 0.254 < seuil 0.323;;;;;;;;;;;;;0.00706;0.02512;0.01067;;;;;0.01067;complet
2026-07-13T15:33:05-04:00;America/New_York;11fa6982d2cf3659;scan;T;yahoo;21.4702;0.0665;0.323;0.1578;0.421;-0.083;rejet_prob;prob 0.067 < seuil 0.323;;;;;;;;;;;;;-0.00886;0.02374;0.02235;;;;;-0.02235;complet
2026-07-13T15:33:05-04:00;America/New_York;11fa6982d2cf3659;scan;PFE;yahoo;24.4998;0.1953;0.323;0.173;1.129;0.162;rejet_prob;prob 0.195 < seuil 0.323;;;;;;;;;;;;;-0.0102;0.02613;0.01021;;;;;0.01021;complet
2026-07-13T15:33:06-04:00;America/New_York;11fa6982d2cf3659;scan;AAL;yahoo;16.3302;0.1917;0.323;0.2435;0.787;-0.001;rejet_prob;prob 0.192 < seuil 0.323;;;;;;;;;;;;;-0.04043;-0.04471;-0.07288;;;;;0.07288;complet
2026-07-13T15:33:06-04:00;America/New_York;11fa6982d2cf3659;scan;NIO;yahoo;4.895;0.3521;0.323;0.3206;1.098;0.244;rejet_ratio;options déjà chères : ratio 1.10 < 1.5 (p_implicite 0.321);;;;;;;;;;;;;0.02349;0.01941;-0.01736;;;;;-0.01736;complet
2026-07-13T15:33:07-04:00;America/New_York;11fa6982d2cf3659;scan;INTC;yahoo;102.27;0.1836;0.323;0.141;1.302;-0.282;rejet_prob;prob 0.184 < seuil 0.323;;;;;;;;;;;;;0.05368;-0.05173;-0.05094;;;;;0.05094;complet
2026-07-13T15:33:07-04:00;America/New_York;11fa6982d2cf3659;scan;PLUG;yahoo;2.155;0.4752;0.323;0.501;0.949;-0.316;rejet_ratio;options déjà chères : ratio 0.95 < 1.5 (p_implicite 0.501);;;;;;;;;;;;;0.05336;-0.00232;-0.0116;;;;;0.0116;complet
2026-07-13T15:33:08-04:00;America/New_York;11fa6982d2cf3659;scan;RIVN;yahoo;17.125;0.037;0.323;0.0275;1.345;0.202;rejet_prob;prob 0.037 < seuil 0.323;;;;;;;;;;;;;0.0219;-0.00204;0.00672;;;;;0.00672;complet
2026-07-13T15:33:08-04:00;America/New_York;11fa6982d2cf3659;scan;LCID;yahoo;5.5001;0.034;0.323;0.1422;0.239;0.322;rejet_prob;prob 0.034 < seuil 0.323;;;;;;;;;;;;;-0.16002;0.17452;0.2927;;;;;0.2927;complet
2026-07-13T15:33:08-04:00;America/New_York;11fa6982d2cf3659;A;LCID;yahoo;5.5001;0.034;0.323;0.1422;0.239;0.322;rejet_prob;prob 0.034 < seuil 0.323;call;6.0;2026-08-07;25.0;0.36;0.46;0.41;1.0313;0.43;-0.0119;0.0057;46.0;-0.16002;0.17452;0.2927;0.36;0.84;1.03;1.8658;0.2927;complet
2026-07-13T15:33:09-04:00;America/New_York;11fa6982d2cf3659;scan;SNAP;yahoo;4.665;0.0595;0.323;0.2673;0.223;0.21;rejet_prob;prob 0.059 < seuil 0.323;;;;;;;;;;;;;0.00322;0.00536;-0.02251;;;;;-0.02251;complet
2026-07-13T15:33:09-04:00;America/New_York;11fa6982d2cf3659;scan;WBD;yahoo;27.19;0.1281;0.323;0.7844;0.163;0.337;rejet_prob;prob 0.128 < seuil 0.323;;;;;;;;;;;;;0.01067;0.00368;-0.04892;;;;;-0.04892;complet
2026-07-13T15:33:09-04:00;America/New_York;11fa6982d2cf3659;A;WBD;yahoo;27.19;0.1281;0.323;0.7844;0.163;0.337;rejet_prob;prob 0.128 < seuil 0.323;call;28.0;2026-08-07;25.0;0.75;1.0;0.875;0.4668;0.439;-0.0275;0.0281;100.0;0.01067;0.00368;-0.04892;0.6;;;-0.632;-0.04892;complet
2026-07-13T15:33:10-04:00;America/New_York;11fa6982d2cf3659;scan;VALE;yahoo;14.115;0.3103;0.323;0.2396;1.295;-0.289;rejet_prob;prob 0.310 < seuil 0.323;;;;;;;;;;;;;0.03365;0.00744;-0.00106;;;;;0.00106;complet
2026-07-13T15:33:10-04:00;America/New_York;11fa6982d2cf3659;scan;PBR;yahoo;17.8302;0.1235;0.323;0.4217;0.293;0.381;rejet_prob;prob 0.123 < seuil 0.323;;;;;;;;;;;;;0.00504;-0.0202;0.02018;;;;;0.02018;complet
2026-07-13T15:33:10-04:00;America/New_York;11fa6982d2cf3659;A;PBR;yahoo;17.8302;0.1235;0.323;0.4217;0.293;0.381;rejet_prob;prob 0.123 < seuil 0.323;call;18.5;2026-08-07;25.0;0.04;0.75;0.395;0.5439;0.434;-0.0208;0.0184;75.0;0.00504;-0.0202;0.02018;0.4;;0.26;0.0059;0.02018;complet
2026-07-13T15:33:11-04:00;America/New_York;11fa6982d2cf3659;scan;GOLD;yahoo;38.07;0.1904;0.323;0.3089;0.616;0.103;rejet_prob;prob 0.190 < seuil 0.323;;;;;;;;;;;;;0.02627;0.01602;-0.01313;;;;;-0.01313;complet
2026-07-13T15:33:11-04:00;America/New_York;11fa6982d2cf3659;scan;CLF;yahoo;9.645;0.051;0.323;0.4376;0.117;-0.19;rejet_prob;prob 0.051 < seuil 0.323;;;;;;;;;;;;;0.01503;-0.01192;-0.06895;;;;;0.06895;complet
2026-07-13T15:33:12-04:00;America/New_York;11fa6982d2cf3659;scan;CCL;yahoo;26.56;0.2253;0.323;0.1624;1.387;-0.186;rejet_prob;prob 0.225 < seuil 0.323;;;;;;;;;;;;;-0.00226;0.0113;-0.01958;;;;;0.01958;complet
2026-07-13T15:33:13-04:00;America/New_York;11fa6982d2cf3659;scan;RIOT;yahoo;19.855;0.1151;0.323;0.2949;0.39;-0.168;rejet_prob;prob 0.115 < seuil 0.323;;;;;;;;;;;;;0.01687;-0.05213;0.00227;;;;;-0.00227;complet
2026-07-13T15:33:13-04:00;America/New_York;11fa6982d2cf3659;scan;TLRY;yahoo;4.44;0.2739;0.323;0.6333;0.432;0.021;rejet_prob;prob 0.274 < seuil 0.323;;;;;;;;;;;;;-0.01351;-0.02027;-0.0473;;;;;-0.0473;complet
2026-07-13T15:33:14-04:00;America/New_York;11fa6982d2cf3659;scan;BAC;yahoo;59.365;0.2569;0.323;0.265;0.969;0.405;rejet_prob;prob 0.257 < seuil 0.323;;;;;;;;;;;;;0.02114;0.0358;0.01777;;;;;0.01777;complet
2026-07-13T15:33:14-04:00;America/New_York;11fa6982d2cf3659;A;BAC;yahoo;59.365;0.2569;0.323;0.265;0.969;0.405;rejet_prob;prob 0.257 < seuil 0.323;call;61.0;2026-08-07;25.0;0.98;1.02;1.0;0.2676;0.379;-0.0343;0.0591;102.0;0.02114;0.0358;0.01777;1.45;1.82;1.27;0.202;0.01777;complet
2026-07-13T15:33:14-04:00;America/New_York;11fa6982d2cf3659;scan;AGNC;yahoo;10.985;0.14;0.323;0.2501;0.56;0.561;rejet_prob;prob 0.140 < seuil 0.323;;;;;;;;;;;;;0.01775;0.04051;-0.00592;;;;;-0.00592;complet
2026-07-13T15:33:14-04:00;America/New_York;11fa6982d2cf3659;A;AGNC;yahoo;10.985;0.14;0.323;0.2501;0.56;0.561;rejet_prob;prob 0.140 < seuil 0.323;call;11.0;2026-08-07;25.0;0.23;0.27;0.25;0.2363;0.523;-0.0061;0.0114;27.0;0.01775;0.04051;-0.00592;0.32;0.37;0.11;-0.2503;-0.00592;complet
2026-07-13T15:33:15-04:00;America/New_York;11fa6982d2cf3659;scan;KVUE;yahoo;19.19;0.1503;0.323;0.4543;0.331;-0.288;rejet_prob;prob 0.150 < seuil 0.323;;;;;;;;;;;;;-0.02241;-0.00886;-0.00886;;;;;0.00886;complet
2026-07-14T11:10:55-04:00;America/New_York;11fa6982d2cf3659;scan;AAPL;yahoo;315.85;0.0284;0.323;0.062;0.458;0.288;rejet_prob;prob 0.028 < seuil 0.323;;;;;;;;;;;;;0.03688;0.05664;0.03764;;;;;0.03764;complet
2026-07-14T11:10:56-04:00;America/New_York;11fa6982d2cf3659;scan;NVDA;yahoo;207.96;0.2728;0.323;0.1394;1.957;0.242;rejet_prob;prob 0.273 < seuil 0.323;;;;;;;;;;;;;0.02183;-0.02476;-0.00322;;;;;-0.00322;complet
2026-07-14T11:10:57-04:00;America/New_York;11fa6982d2cf3659;scan;TSLA;yahoo;401.93;0.2299;0.323;0.0561;4.098;0.12;rejet_prob;prob 0.230 < seuil 0.323;;;;;;;;;;;;;-0.01859;-0.05247;-0.05722;;;;;-0.05722;complet
2026-07-14T11:10:57-04:00;America/New_York;11fa6982d2cf3659;scan;AMD;yahoo;563.435;0.195;0.323;0.1542;1.265;0.372;rejet_prob;prob 0.195 < seuil 0.323;;;;;;;;;;;;;-0.06087;-0.12011;-0.03373;;;;;-0.03373;complet
2026-07-14T11:10:58-04:00;America/New_York;11fa6982d2cf3659;scan;META;yahoo;662.705;0.0411;0.323;0.1298;0.317;0.674;rejet_prob;prob 0.041 < seuil 0.323;;;;;;;;;;;;;0.02807;-0.02519;-0.02851;;;;;-0.02851;complet
2026-07-14T11:11:00-04:00;America/New_York;11fa6982d2cf3659;scan;SPY;yahoo;752.7;0.3652;0.323;0.0954;3.828;-0.058;signal_sans_direction;mouvement probable mais aucune direction claire : pas de trade;;;;;;;;;;;;;0.0028;-0.0125;-0.00587;;;;;0.00587;complet
2026-07-14T11:11:01-04:00;America/New_York;11fa6982d2cf3659;scan;QQQ;yahoo;721.2362;0.1628;0.323;0.0592;2.75;-0.216;rejet_prob;prob 0.163 < seuil 0.323;;;;;;;;;;;;;-0.00485;-0.03592;-0.01701;;;;;0.01701;complet
2026-07-14T11:11:02-04:00;America/New_York;11fa6982d2cf3659;scan;COIN;yahoo;158.63;0.1473;0.323;0.3044;0.484;0.287;rejet_prob;prob 0.147 < seuil 0.323;;;;;;;;;;;;;0.05409;-0.00952;0.10855;;;;;0.10855;complet
2026-07-14T11:11:03-04:00;America/New_York;11fa6982d2cf3659;scan;PLTR;yahoo;133.035;0.1055;0.323;0.2121;0.497;0.47;rejet_prob;prob 0.105 < seuil 0.323;;;;;;;;;;;;;0.00545;-0.00492;-0.00282;;;;;-0.00282;complet
2026-07-14T11:11:04-04:00;America/New_York;11fa6982d2cf3659;scan;SOFI;yahoo;18.625;0.3035;0.323;0.4157;0.73;0.51;rejet_prob;prob 0.303 < seuil 0.323;;;;;;;;;;;;;-0.04054;-0.07221;-0.05289;;;;;-0.05289;complet
2026-07-14T11:11:04-04:00;America/New_York;11fa6982d2cf3659;A;SOFI;yahoo;18.625;0.3035;0.323;0.4157;0.73;0.51;rejet_prob;prob 0.303 < seuil 0.323;call;20.0;2026-08-07;24.0;0.86;0.94;0.9;0.7393;0.395;-0.0291;0.0184;94.0;-0.04054;-0.07221;-0.05289;0.7;0.28;0.26;-0.5999;-0.05289;complet
2026-07-14T11:11:05-04:00;America/New_York;11fa6982d2cf3659;scan;MARA;yahoo;12.195;0.1481;0.323;0.2976;0.498;-0.174;rejet_prob;prob 0.148 < seuil 0.323;;;;;;;;;;;;;0.00779;-0.12341;0.00451;;;;;-0.00451;complet
2026-07-14T11:11:06-04:00;America/New_York;11fa6982d2cf3659;scan;F;yahoo;13.95;0.1533;0.323;0.4165;0.368;0.325;rejet_prob;prob 0.153 < seuil 0.323;;;;;;;;;;;;;0.01649;0.02007;0.02294;;;;;0.02294;complet
2026-07-14T11:11:06-04:00;America/New_York;11fa6982d2cf3659;A;F;yahoo;13.95;0.1533;0.323;0.4165;0.368;0.325;rejet_prob;prob 0.153 < seuil 0.323;call;14.5;2026-08-07;24.0;0.38;0.43;0.405;0.4512;0.401;-0.0136;0.0138;43.0;0.01649;0.02007;0.02294;0.53;0.45;0.54;0.0787;0.02294;complet
2026-07-14T11:11:06-04:00;America/New_York;11fa6982d2cf3659;scan;T;yahoo;21.32;0.1588;0.323;0.171;0.929;-0.042;rejet_prob;prob 0.159 < seuil 0.323;;;;;;;;;;;;;0.00516;0.02298;0.04409;;;;;-0.04409;complet
2026-07-14T11:11:07-04:00;America/New_York;11fa6982d2cf3659;scan;PFE;yahoo;24.16;0.2976;0.323;0.1936;1.537;-0.093;rejet_prob;prob 0.298 < seuil 0.323;;;;;;;;;;;;;0.02732;0.03684;0.03228;;;;;-0.03228;complet
2026-07-14T11:11:08-04:00;America/New_York;11fa6982d2cf3659;scan;AAL;yahoo;16.125;0.1442;0.323;0.238;0.606;0.115;rejet_prob;prob 0.144 < seuil 0.323;;;;;;;;;;;;;-0.0307;-0.07101;-0.0524;;;;;-0.0524;complet
2026-07-14T11:11:08-04:00;America/New_York;11fa6982d2cf3659;scan;NIO;yahoo;5.0501;0.3379;0.323;0.3459;0.977;0.088;rejet_ratio;options déjà chères : ratio 0.98 < 1.5 (p_implicite 0.346);;;;;;;;;;;;;-0.00398;-0.03368;-0.0515;;;;;-0.0515;complet
2026-07-14T11:11:09-04:00;America/New_York;11fa6982d2cf3659;scan;INTC;yahoo;105.86;0.1721;0.323;0.1657;1.039;-0.296;rejet_prob;prob 0.172 < seuil 0.323;;;;;;;;;;;;;-0.02711;-0.10221;-0.00387;;;;;0.00387;complet
2026-07-14T11:11:10-04:00;America/New_York;11fa6982d2cf3659;scan;PLUG;yahoo;2.28;0.3567;0.323;0.43;0.83;0.056;rejet_ratio;options déjà chères : ratio 0.83 < 1.5 (p_implicite 0.430);;;;;;;;;;;;;-0.0307;-0.04825;-0.00439;;;;;-0.00439;complet
2026-07-14T11:11:11-04:00;America/New_York;11fa6982d2cf3659;scan;RIVN;yahoo;17.485;0.0255;0.323;0.0298;0.856;0.286;rejet_prob;prob 0.025 < seuil 0.323;;;;;;;;;;;;;0.01802;-0.00172;0.01573;;;;;0.01573;complet
2026-07-14T11:11:12-04:00;America/New_York;11fa6982d2cf3659;scan;LCID;yahoo;5.52;0.0195;0.323;0.1612;0.121;-0.082;rejet_prob;prob 0.019 < seuil 0.323;;;;;;;;;;;;;0.0779;0.33333;0.32609;;;;;-0.32609;complet
2026-07-14T11:11:12-04:00;America/New_York;11fa6982d2cf3659;scan;SNAP;yahoo;4.6351;0.172;0.323;0.2914;0.59;-0.197;rejet_prob;prob 0.172 < seuil 0.323;;;;;;;;;;;;;0.02695;-0.02267;-0.0162;;;;;0.0162;complet
2026-07-14T11:11:13-04:00;America/New_York;11fa6982d2cf3659;scan;WBD;yahoo;27.4969;0.1311;0.323;0.8916;0.147;0.081;rejet_prob;prob 0.131 < seuil 0.323;;;;;;;;;;;;;-0.00825;-0.0228;-0.06062;;;;;-0.06062;complet
2026-07-14T11:11:14-04:00;America/New_York;11fa6982d2cf3659;scan;VALE;yahoo;14.645;0.2915;0.323;0.2512;1.16;-0.422;rejet_prob;prob 0.291 < seuil 0.323;;;;;;;;;;;;;0.00171;-0.03107;-0.02697;;;;;0.02697;complet
2026-07-14T11:11:14-04:00;America/New_York;11fa6982d2cf3659;A;VALE;yahoo;14.645;0.2915;0.323;0.2512;1.16;-0.422;rejet_prob;prob 0.291 < seuil 0.323;put;14.0;2026-08-07;24.0;0.15;0.6;0.375;0.5928;0.348;-0.0164;0.0139;60.0;0.00171;-0.03107;-0.02697;;;;-0.019;0.02697;complet
2026-07-14T11:11:15-04:00;America/New_York;11fa6982d2cf3659;scan;PBR;yahoo;17.835;0.1317;0.323;0.3555;0.37;0.537;rejet_prob;prob 0.132 < seuil 0.323;;;;;;;;;;;;;0.0014;0.00757;0.03953;;;;;0.03953;complet
2026-07-14T11:11:15-04:00;America/New_York;11fa6982d2cf3659;A;PBR;yahoo;17.835;0.1317;0.323;0.3555;0.37;0.537;rejet_prob;prob 0.132 < seuil 0.323;call;18.5;2026-08-07;24.0;0.4;0.9;0.65;0.6348;0.45;-0.0248;0.0181;90.0;0.0014;0.00757;0.03953;0.3;;;0.1669;0.03953;complet
2026-07-14T11:11:15-04:00;America/New_York;11fa6982d2cf3659;scan;GOLD;yahoo;38.785;0.3675;0.323;0.3527;1.042;-0.106;rejet_ratio;options déjà chères : ratio 1.04 < 1.5 (p_implicite 0.353);;;;;;;;;;;;;0.01998;-0.01225;0.02978;;;;;-0.02978;complet
2026-07-14T11:11:16-04:00;America/New_York;11fa6982d2cf3659;scan;CLF;yahoo;9.77;0.0431;0.323;0.4211;0.102;-0.117;rejet_prob;prob 0.043 < seuil 0.323;;;;;;;;;;;;;0.00819;-0.05015;-0.05322;;;;;0.05322;complet
2026-07-14T11:11:17-04:00;America/New_York;11fa6982d2cf3659;scan;CCL;yahoo;26.6;0.1469;0.323;0.1972;0.745;0.056;rejet_prob;prob 0.147 < seuil 0.323;;;;;;;;;;;;;-0.00038;-0.00714;-0.01654;;;;;-0.01654;complet
2026-07-14T11:11:18-04:00;America/New_York;11fa6982d2cf3659;scan;RIOT;yahoo;20.41;0.0602;0.323;0.318;0.189;-0.286;rejet_prob;prob 0.060 < seuil 0.323;;;;;;;;;;;;;-0.01519;-0.10534;0.05292;;;;;-0.05292;complet
2026-07-14T11:11:19-04:00;America/New_York;11fa6982d2cf3659;scan;TLRY;yahoo;4.33;0.3496;0.323;0.6555;0.533;-0.202;rejet_ratio;options déjà chères : ratio 0.53 < 1.5 (p_implicite 0.655);;;;;;;;;;;;;0.01155;-0.00693;-0.02079;;;;;0.02079;complet
2026-07-14T11:11:19-04:00;America/New_York;11fa6982d2cf3659;scan;BAC;yahoo;61.005;0.2131;0.323;0.1836;1.161;0.45;rejet_prob;prob 0.213 < seuil 0.323;;;;;;;;;;;;;0.00959;0.00434;0.00352;;;;;0.00352;complet
2026-07-14T11:11:19-04:00;America/New_York;11fa6982d2cf3659;A;BAC;yahoo;61.005;0.2131;0.323;0.1836;1.161;0.45;rejet_prob;prob 0.213 < seuil 0.323;call;62.0;2026-08-07;24.0;1.01;1.1;1.055;0.2412;0.427;-0.0339;0.0614;110.0;0.00959;0.00434;0.00352;1.29;0.76;0.93;-0.1099;0.00352;complet
2026-07-14T11:11:20-04:00;America/New_York;11fa6982d2cf3659;scan;AGNC;yahoo;11.2;0.1601;0.323;0.2369;0.676;0.239;rejet_prob;prob 0.160 < seuil 0.323;;;;;;;;;;;;;0.01071;0.00179;-0.0375;;;;;-0.0375;complet
2026-07-14T11:11:21-04:00;America/New_York;11fa6982d2cf3659;scan;KVUE;yahoo;18.93;0.1192;0.323;0.205;0.581;-0.243;rejet_prob;prob 0.119 < seuil 0.323;;;;;;;;;;;;;-0.01215;0.00264;0.00423;;;;;-0.00423;complet
2026-07-15T11:11:34-04:00;America/New_York;11fa6982d2cf3659;scan;AAPL;yahoo;324.085;0.0116;0.323;0.0745;0.156;0.576;rejet_prob;prob 0.012 < seuil 0.323;;;;;;;;;;;;;0.02831;0.00773;0.00557;;;;;0.00557;complet
2026-07-15T11:11:35-04:00;America/New_York;11fa6982d2cf3659;scan;NVDA;yahoo;209.5293;0.2757;0.323;0.143;1.928;0.407;rejet_prob;prob 0.276 < seuil 0.323;;;;;;;;;;;;;-0.01016;-0.02983;0.01208;;;;;0.01208;complet
2026-07-15T11:11:36-04:00;America/New_York;11fa6982d2cf3659;scan;TSLA;yahoo;397.4;0.188;0.323;0.066;2.848;0.159;rejet_prob;prob 0.188 < seuil 0.323;;;;;;;;;;;;;-0.01595;-0.07003;-0.05886;;;;;-0.05886;complet
2026-07-15T11:11:36-04:00;America/New_York;11fa6982d2cf3659;scan;AMD;yahoo;520.31;0.1364;0.323;0.1911;0.714;0.279;rejet_prob;prob 0.136 < seuil 0.323;;;;;;;;;;;;;-0.03723;-0.03217;0.06154;;;;;0.06154;complet
2026-07-15T11:11:37-04:00;America/New_York;11fa6982d2cf3659;scan;META;yahoo;684.335;0.0781;0.323;0.1503;0.52;0.76;rejet_prob;prob 0.078 < seuil 0.323;;;;;;;;;;;;;-0.02893;-0.05624;-0.08353;;;;;-0.08353;complet
2026-07-15T11:11:38-04:00;America/New_York;11fa6982d2cf3659;scan;SPY;yahoo;753.849;0.3602;0.323;0.0841;4.283;-0.054;signal_sans_direction;mouvement probable mais aucune direction claire : pas de trade;;;;;;;;;;;;;-0.00415;-0.0156;-0.00854;;;;;0.00854;complet
2026-07-15T11:11:39-04:00;America/New_York;11fa6982d2cf3659;scan;QQQ;yahoo;716.16;0.2334;0.323;0.0652;3.58;-0.507;rejet_prob;prob 0.233 < seuil 0.323;;;;;;;;;;;;;-0.01427;-0.02807;-0.01509;;;;;0.01509;complet
2026-07-15T11:11:39-04:00;America/New_York;11fa6982d2cf3659;scan;COIN;yahoo;163.79;0.1469;0.323;0.3377;0.435;0.274;rejet_prob;prob 0.147 < seuil 0.323;;;;;;;;;;;;;-0.02015;-0.02051;0.01423;;;;;0.01423;complet
2026-07-15T11:11:40-04:00;America/New_York;11fa6982d2cf3659;scan;PLTR;yahoo;134.785;0.1083;0.323;0.2235;0.485;0.308;rejet_prob;prob 0.108 < seuil 0.323;;;;;;;;;;;;;-0.00256;0.00048;-0.07579;;;;;-0.07579;complet
2026-07-15T11:11:40-04:00;America/New_York;11fa6982d2cf3659;scan;SOFI;yahoo;18.3101;0.2538;0.323;0.4172;0.608;0.554;rejet_prob;prob 0.254 < seuil 0.323;;;;;;;;;;;;;-0.05407;-0.071;-0.06773;;;;;-0.06773;complet
2026-07-15T11:11:40-04:00;America/New_York;11fa6982d2cf3659;A;SOFI;yahoo;18.3101;0.2538;0.323;0.4172;0.608;0.554;rejet_prob;prob 0.254 < seuil 0.323;call;19.5;2026-08-07;23.0;0.84;0.88;0.86;0.7119;0.402;-0.0283;0.0178;88.0;-0.05407;-0.071;-0.06773;0.37;0.38;0.21;-0.6788;-0.06773;complet
2026-07-15T11:11:41-04:00;America/New_York;11fa6982d2cf3659;scan;MARA;yahoo;11.965;0.119;0.323;0.3089;0.385;-0.144;rejet_prob;prob 0.119 < seuil 0.323;;;;;;;;;;;;;-0.04555;-0.02466;0.03719;;;;;-0.03719;complet
2026-07-15T11:11:42-04:00;America/New_York;11fa6982d2cf3659;scan;F;yahoo;14.305;0.3422;0.323;0.3638;0.941;0.326;rejet_ratio;options déjà chères : ratio 0.94 < 1.5 (p_implicite 0.364);;;;;;;;;;;;;-0.00804;-0.02202;0.00804;;;;;0.00804;complet
2026-07-15T11:11:42-04:00;America/New_York;11fa6982d2cf3659;A;F;yahoo;14.305;0.3422;0.323;0.3638;0.941;0.326;rejet_ratio;options déjà chères : ratio 0.94 < 1.5 (p_implicite 0.364);call;15.0;2026-08-07;23.0;0.35;0.38;0.365;0.4473;0.366;-0.0137;0.0135;38.0;-0.00804;-0.02202;0.00804;0.35;0.3;0.22;-0.166;0.00804;complet
2026-07-15T11:11:42-04:00;America/New_York;11fa6982d2cf3659;scan;T;yahoo;21.4697;0.0599;0.323;0.1702;0.352;-0.018;rejet_prob;prob 0.060 < seuil 0.323;;;;;;;;;;;;;0.02377;0.02237;0.07314;;;;;-0.07314;complet
2026-07-15T11:11:43-04:00;America/New_York;11fa6982d2cf3659;scan;PFE;yahoo;24.69;0.1649;0.323;0.2358;0.699;0.201;rejet_prob;prob 0.165 < seuil 0.323;;;;;;;;;;;;;0.01823;0.00243;0.00527;;;;;0.00527;complet
2026-07-15T11:11:43-04:00;America/New_York;11fa6982d2cf3659;scan;AAL;yahoo;15.9301;0.1499;0.323;0.245;0.612;0.059;rejet_prob;prob 0.150 < seuil 0.323;;;;;;;;;;;;;-0.02072;-0.0496;-0.07157;;;;;-0.07157;complet
2026-07-15T11:11:44-04:00;America/New_York;11fa6982d2cf3659;scan;NIO;yahoo;5.13;0.3908;0.323;0.3251;1.202;0.262;rejet_ratio;options déjà chères : ratio 1.20 < 1.5 (p_implicite 0.325);;;;;;;;;;;;;-0.02729;-0.06238;-0.08967;;;;;-0.08967;complet
2026-07-15T11:11:45-04:00;America/New_York;11fa6982d2cf3659;scan;INTC;yahoo;102.1599;0.1397;0.323;0.2142;0.652;-0.143;rejet_prob;prob 0.140 < seuil 0.323;;;;;;;;;;;;;-0.0507;-0.04992;0.0045;;;;;-0.0045;complet
2026-07-15T11:11:45-04:00;America/New_York;11fa6982d2cf3659;scan;PLUG;yahoo;2.2199;0.368;0.323;0.5084;0.724;-0.272;rejet_ratio;options déjà chères : ratio 0.72 < 1.5 (p_implicite 0.508);;;;;;;;;;;;;-0.03149;-0.0405;0.00455;;;;;-0.00455;complet
2026-07-15T11:11:46-04:00;America/New_York;11fa6982d2cf3659;scan;RIVN;yahoo;18.255;0.0271;0.323;0.0351;0.772;0.5;rejet_prob;prob 0.027 < seuil 0.323;;;;;;;;;;;;;-0.06382;-0.0556;-0.05889;;;;;-0.05889;complet
2026-07-15T11:11:46-04:00;America/New_York;11fa6982d2cf3659;A;RIVN;yahoo;18.255;0.0271;0.323;0.0351;0.772;0.5;rejet_prob;prob 0.027 < seuil 0.323;call;19.5;2026-08-07;23.0;0.99;1.12;1.055;0.8311;0.421;-0.0332;0.0179;112.0;-0.06382;-0.0556;-0.05889;0.46;0.62;0.27;-0.6062;-0.05889;complet
2026-07-15T11:11:46-04:00;America/New_York;11fa6982d2cf3659;scan;LCID;yahoo;5.4699;0.034;0.323;0.2646;0.128;0.088;rejet_prob;prob 0.034 < seuil 0.323;;;;;;;;;;;;;0.18101;0.29984;0.23951;;;;;0.23951;complet
2026-07-15T11:11:47-04:00;America/New_York;11fa6982d2cf3659;scan;SNAP;yahoo;4.8103;0.2212;0.323;0.3515;0.629;0.27;rejet_prob;prob 0.221 < seuil 0.323;;;;;;;;;;;;;-0.02501;-0.05203;-0.07074;;;;;-0.07074;complet
2026-07-15T11:11:47-04:00;America/New_York;11fa6982d2cf3659;scan;WBD;yahoo;27.225;0.1378;0.323;0.7073;0.195;0.4;rejet_prob;prob 0.138 < seuil 0.323;;;;;;;;;;;;;0.00239;-0.05014;-0.05051;;;;;-0.05051;complet
2026-07-15T11:11:47-04:00;America/New_York;11fa6982d2cf3659;A;WBD;yahoo;27.225;0.1378;0.323;0.7073;0.195;0.4;rejet_prob;prob 0.138 < seuil 0.323;call;28.0;2026-08-07;23.0;0.35;0.8;0.575;0.4063;0.422;-0.0249;0.0267;80.0;0.00239;-0.05014;-0.05051;;;0.01;-0.7215;-0.05051;complet
2026-07-15T11:11:48-04:00;America/New_York;11fa6982d2cf3659;scan;VALE;yahoo;14.595;0.3013;0.323;0.2597;1.16;-0.165;rejet_prob;prob 0.301 < seuil 0.323;;;;;;;;;;;;;-0.02569;-0.03392;0.01747;;;;;-0.01747;complet
2026-07-15T11:11:49-04:00;America/New_York;11fa6982d2cf3659;scan;PBR;yahoo;17.785;0.1196;0.323;0.4776;0.25;0.352;rejet_prob;prob 0.120 < seuil 0.323;;;;;;;;;;;;;-0.01771;0.02277;0.06213;;;;;0.06213;complet
2026-07-15T11:11:49-04:00;America/New_York;11fa6982d2cf3659;A;PBR;yahoo;17.785;0.1196;0.323;0.4776;0.25;0.352;rejet_prob;prob 0.120 < seuil 0.323;call;18.5;2026-08-07;23.0;0.06;0.55;0.305;0.4639;0.399;-0.0182;0.0172;55.0;-0.01771;0.02277;0.06213;;0.26;0.74;0.7391;0.06213;complet
2026-07-15T11:11:49-04:00;America/New_York;11fa6982d2cf3659;scan;GOLD;yahoo;39.49;0.346;0.323;0.3416;1.013;0.147;rejet_ratio;options déjà chères : ratio 1.01 < 1.5 (p_implicite 0.342);;;;;;;;;;;;;-0.02051;-0.04862;0.01823;;;;;0.01823;complet
2026-07-15T11:11:50-04:00;America/New_York;11fa6982d2cf3659;scan;CLF;yahoo;9.7664;0.0431;0.323;0.4362;0.099;-0.193;rejet_prob;prob 0.043 < seuil 0.323;;;;;;;;;;;;;-0.02421;-0.08052;-0.0324;;;;;0.0324;complet
2026-07-15T11:11:50-04:00;America/New_York;11fa6982d2cf3659;scan;CCL;yahoo;27.165;0.2179;0.323;0.1854;1.175;-0.035;rejet_prob;prob 0.218 < seuil 0.323;;;;;;;;;;;;;-0.01123;-0.04141;-0.0392;;;;;0.0392;complet
2026-07-15T11:11:51-04:00;America/New_York;11fa6982d2cf3659;scan;RIOT;yahoo;19.95;0.0574;0.323;0.3412;0.168;-0.016;rejet_prob;prob 0.057 < seuil 0.323;;;;;;;;;;;;;-0.05664;-0.00251;0.17193;;;;;-0.17193;complet
2026-07-15T11:11:51-04:00;America/New_York;11fa6982d2cf3659;scan;TLRY;yahoo;4.4799;0.3942;0.323;0.6645;0.593;-0.112;rejet_ratio;options déjà chères : ratio 0.59 < 1.5 (p_implicite 0.664);;;;;;;;;;;;;-0.029;-0.05578;-0.07141;;;;;0.07141;complet
2026-07-15T11:11:52-04:00;America/New_York;11fa6982d2cf3659;scan;BAC;yahoo;61.795;0.159;0.323;0.1119;1.421;0.54;rejet_prob;prob 0.159 < seuil 0.323;;;;;;;;;;;;;-0.00494;-0.02225;-0.00283;;;;;-0.00283;complet
2026-07-15T11:11:52-04:00;America/New_York;11fa6982d2cf3659;A;BAC;yahoo;61.795;0.159;0.323;0.1119;1.421;0.54;rejet_prob;prob 0.159 < seuil 0.323;call;63.0;2026-08-07;23.0;0.87;0.92;0.895;0.2261;0.397;-0.0323;0.0598;92.0;-0.00494;-0.02225;-0.00283;0.8;0.46;0.34;-0.2906;-0.00283;complet
2026-07-15T11:11:52-04:00;America/New_York;11fa6982d2cf3659;scan;AGNC;yahoo;11.4144;0.0754;0.323;0.4853;0.155;0.904;rejet_prob;prob 0.075 < seuil 0.323;;;;;;;;;;;;;0.00137;-0.04331;-0.06084;;;;;-0.06084;complet
2026-07-15T11:11:52-04:00;America/New_York;11fa6982d2cf3659;A;AGNC;yahoo;11.4144;0.0754;0.323;0.4853;0.155;0.904;rejet_prob;prob 0.075 < seuil 0.323;call;11.5;2026-08-07;23.0;0.14;0.16;0.15;0.1699;0.465;-0.0048;0.0114;16.0;0.00137;-0.04331;-0.06084;0.12;0.02;;-0.9741;-0.06084;complet
2026-07-15T11:11:53-04:00;America/New_York;11fa6982d2cf3659;scan;KVUE;yahoo;18.895;0.2137;0.323;0.4836;0.442;0.026;rejet_prob;prob 0.214 < seuil 0.323;;;;;;;;;;;;;0.00662;0.00662;0.01244;;;;;0.01244;complet
2026-07-16T11:21:07-04:00;America/New_York;11fa6982d2cf3659;scan;AAPL;yahoo;330.19;0.0134;0.323;0.0434;0.309;0.262;rejet_prob;prob 0.013 < seuil 0.323;;;;;;;;;;;;;0.01075;-0.00742;-0.02583;;;;;-0.02583;complet
2026-07-16T11:21:08-04:00;America/New_York;11fa6982d2cf3659;scan;NVDA;yahoo;206.37;0.3663;0.323;0.2116;1.731;0.23;signal_sans_direction;mouvement probable mais aucune direction claire : pas de trade;;;;;;;;;;;;;-0.01725;0.00446;0.01158;;;;;0.01158;complet
2026-07-16T11:21:09-04:00;America/New_York;11fa6982d2cf3659;scan;TSLA;yahoo;392.68;0.0768;0.323;0.0764;1.005;0.156;rejet_prob;prob 0.077 < seuil 0.323;;;;;;;;;;;;;-0.03015;-0.03502;-0.18588;;;;;-0.18588;complet
2026-07-16T11:21:09-04:00;America/New_York;11fa6982d2cf3659;scan;AMD;yahoo;506.955;0.1319;0.323;0.1877;0.703;-0.121;rejet_prob;prob 0.132 < seuil 0.323;;;;;;;;;;;;;-0.02208;0.07392;0.06457;;;;;-0.06457;complet
2026-07-16T11:21:10-04:00;America/New_York;11fa6982d2cf3659;scan;META;yahoo;675.995;0.0496;0.323;0.1549;0.32;0.671;rejet_prob;prob 0.050 < seuil 0.323;;;;;;;;;;;;;-0.04436;-0.04761;-0.1034;;;;;-0.1034;complet
2026-07-16T11:21:11-04:00;America/New_York;11fa6982d2cf3659;scan;SPY;yahoo;753.36;0.3096;0.323;0.1821;1.7;-0.081;rejet_prob;prob 0.310 < seuil 0.323;;;;;;;;;;;;;-0.01337;-0.00674;-0.02015;;;;;0.02015;complet
2026-07-16T11:21:12-04:00;America/New_York;11fa6982d2cf3659;scan;QQQ;yahoo;709.76;0.209;0.323;0.0925;2.259;-0.282;rejet_prob;prob 0.209 < seuil 0.323;;;;;;;;;;;;;-0.02033;-0.00111;-0.02508;;;;;0.02508;complet
2026-07-16T11:21:12-04:00;America/New_York;11fa6982d2cf3659;scan;COIN;yahoo;163.02;0.2101;0.323;0.3461;0.607;0.258;rejet_prob;prob 0.210 < seuil 0.323;;;;;;;;;;;;;-0.03619;0.0787;-0.01141;;;;;-0.01141;complet
2026-07-16T11:21:13-04:00;America/New_York;11fa6982d2cf3659;scan;PLTR;yahoo;132.37;0.1415;0.323;0.23;0.615;0.231;rejet_prob;prob 0.141 < seuil 0.323;;;;;;;;;;;;;8e-05;0.00219;-0.06799;;;;;-0.06799;complet
2026-07-16T11:21:14-04:00;America/New_York;11fa6982d2cf3659;scan;SOFI;yahoo;17.675;0.225;0.323;0.406;0.554;0.055;rejet_prob;prob 0.225 < seuil 0.323;;;;;;;;;;;;;-0.02235;-0.00198;-0.05799;;;;;-0.05799;complet
2026-07-16T11:21:14-04:00;America/New_York;11fa6982d2cf3659;scan;MARA;yahoo;11.6699;0.1434;0.323;0.2868;0.5;-0.23;rejet_prob;prob 0.143 < seuil 0.323;;;;;;;;;;;;;-0.08397;0.04971;0.09427;;;;;-0.09427;complet
2026-07-16T11:21:15-04:00;America/New_York;11fa6982d2cf3659;scan;F;yahoo;14.145;0.235;0.323;0.4455;0.527;0.134;rejet_prob;prob 0.235 < seuil 0.323;;;;;;;;;;;;;0.00601;0.00884;0.00035;;;;;0.00035;complet
2026-07-16T11:21:16-04:00;America/New_York;11fa6982d2cf3659;scan;T;yahoo;21.955;0.1337;0.323;0.1145;1.168;0.05;rejet_prob;prob 0.134 < seuil 0.323;;;;;;;;;;;;;-0.0066;0.01389;0.04578;;;;;0.04578;complet
2026-07-16T11:21:16-04:00;America/New_York;11fa6982d2cf3659;scan;PFE;yahoo;25.285;0.1415;0.323;0.1154;1.226;0.422;rejet_prob;prob 0.141 < seuil 0.323;;;;;;;;;;;;;-0.00929;-0.01364;-0.01088;;;;;-0.01088;complet
2026-07-16T11:21:16-04:00;America/New_York;11fa6982d2cf3659;A;PFE;yahoo;25.285;0.1415;0.323;0.1154;1.226;0.422;rejet_prob;prob 0.141 < seuil 0.323;call;26.0;2026-08-07;22.0;0.21;0.23;0.22;0.1983;0.311;-0.0108;0.0219;23.0;-0.00929;-0.01364;-0.01088;0.14;0.13;0.1;-0.5688;-0.01088;complet
2026-07-16T11:21:17-04:00;America/New_York;11fa6982d2cf3659;scan;AAL;yahoo;15.7573;0.1701;0.323;0.2329;0.73;-0.076;rejet_prob;prob 0.170 < seuil 0.323;;;;;;;;;;;;;-0.04933;-0.03029;-0.13945;;;;;0.13945;complet
2026-07-16T11:21:17-04:00;America/New_York;11fa6982d2cf3659;scan;NIO;yahoo;5.05;0.4499;0.323;0.3517;1.279;0.167;rejet_ratio;options déjà chères : ratio 1.28 < 1.5 (p_implicite 0.352);;;;;;;;;;;;;-0.03366;-0.05149;-0.08119;;;;;-0.08119;complet
2026-07-16T11:21:18-04:00;America/New_York;11fa6982d2cf3659;scan;INTC;yahoo;98.6001;0.1671;0.323;0.1603;1.042;-0.105;rejet_prob;prob 0.167 < seuil 0.323;;;;;;;;;;;;;-0.03611;0.06947;0.01653;;;;;-0.01653;complet
2026-07-16T11:21:19-04:00;America/New_York;11fa6982d2cf3659;scan;PLUG;yahoo;2.17;0.3948;0.323;0.421;0.938;0.032;rejet_ratio;options déjà chères : ratio 0.94 < 1.5 (p_implicite 0.421);;;;;;;;;;;;;0.0;0.04608;0.00922;;;;;0.00922;complet
2026-07-16T11:21:19-04:00;America/New_York;11fa6982d2cf3659;scan;RIVN;yahoo;17.09;0.015;0.323;0.0359;0.418;0.091;rejet_prob;prob 0.015 < seuil 0.323;;;;;;;;;;;;;0.02136;0.0392;-0.03686;;;;;-0.03686;complet
2026-07-16T11:21:20-04:00;America/New_York;11fa6982d2cf3659;scan;LCID;yahoo;6.6268;0.0224;0.323;0.2363;0.095;0.068;rejet_prob;prob 0.022 < seuil 0.323;;;;;;;;;;;;;0.11064;0.10461;-0.02668;;;;;-0.02668;complet
2026-07-16T11:21:20-04:00;America/New_York;11fa6982d2cf3659;scan;SNAP;yahoo;4.745;0.0903;0.323;0.5047;0.179;0.136;rejet_prob;prob 0.090 < seuil 0.323;;;;;;;;;;;;;-0.04531;-0.03899;-0.0706;;;;;-0.0706;complet
2026-07-16T11:21:21-04:00;America/New_York;11fa6982d2cf3659;scan;WBD;yahoo;27.06;0.1627;0.323;0.8443;0.193;-0.053;rejet_prob;prob 0.163 < seuil 0.323;;;;;;;;;;;;;-0.00702;-0.04545;-0.04102;;;;;0.04102;complet
2026-07-16T11:21:21-04:00;America/New_York;11fa6982d2cf3659;scan;VALE;yahoo;14.295;0.2923;0.323;0.337;0.867;0.12;rejet_prob;prob 0.292 < seuil 0.323;;;;;;;;;;;;;-0.00735;-0.00315;0.03743;;;;;0.03743;complet
2026-07-16T11:21:23-04:00;America/New_York;11fa6982d2cf3659;scan;PBR;yahoo;17.695;;0.323;;;0.0;donnees_insuffisantes;historique insuffisant (<130 séances);;;;;;;;;;;;;0.01554;0.04775;0.07375;;;;;;complet
2026-07-16T11:21:23-04:00;America/New_York;11fa6982d2cf3659;scan;GOLD;yahoo;38.765;0.2557;0.323;0.3362;0.761;-0.085;rejet_prob;prob 0.256 < seuil 0.323;;;;;;;;;;;;;-0.01174;0.03031;0.01973;;;;;-0.01973;complet
2026-07-16T11:21:24-04:00;America/New_York;11fa6982d2cf3659;scan;CLF;yahoo;9.65;0.2156;0.323;0.4113;0.524;-0.172;rejet_prob;prob 0.216 < seuil 0.323;;;;;;;;;;;;;-0.03834;-0.04145;0.13575;;;;;-0.13575;complet
2026-07-16T11:21:25-04:00;America/New_York;11fa6982d2cf3659;scan;CCL;yahoo;26.4654;0.16;0.323;0.2593;0.617;-0.247;rejet_prob;prob 0.160 < seuil 0.323;;;;;;;;;;;;;-0.00209;-0.01154;-0.04517;;;;;0.04517;complet
2026-07-16T11:21:25-04:00;America/New_York;11fa6982d2cf3659;scan;RIOT;yahoo;18.78;0.2642;0.323;0.3053;0.865;-0.247;rejet_prob;prob 0.264 < seuil 0.323;;;;;;;;;;;;;-0.02769;0.1443;0.2705;;;;;-0.2705;complet
2026-07-16T11:21:26-04:00;America/New_York;11fa6982d2cf3659;scan;TLRY;yahoo;4.385;0.3297;0.323;0.6452;0.511;-0.206;rejet_ratio;options déjà chères : ratio 0.51 < 1.5 (p_implicite 0.645);;;;;;;;;;;;;-0.01938;-0.03307;-0.09008;;;;;0.09008;complet
2026-07-16T11:21:27-04:00;America/New_York;11fa6982d2cf3659;scan;BAC;yahoo;61.655;0.0871;0.323;0.1365;0.638;0.257;rejet_prob;prob 0.087 < seuil 0.323;;;;;;;;;;;;;-0.00624;-0.00706;-0.00608;;;;;-0.00608;complet
2026-07-16T11:21:27-04:00;America/New_York;11fa6982d2cf3659;scan;AGNC;yahoo;11.395;0.1165;0.323;0.2287;0.509;0.699;rejet_prob;prob 0.117 < seuil 0.323;;;;;;;;;;;;;-0.01536;-0.05397;-0.07328;;;;;-0.07328;complet
2026-07-16T11:21:27-04:00;America/New_York;11fa6982d2cf3659;A;AGNC;yahoo;11.395;0.1165;0.323;0.2287;0.509;0.699;rejet_prob;prob 0.117 < seuil 0.323;call;11.5;2026-08-07;22.0;0.14;0.19;0.165;0.209;0.46;-0.0059;0.0111;19.0;-0.01536;-0.05397;-0.07328;0.04;0.01;;-0.9774;-0.07328;complet
2026-07-16T11:21:28-04:00;America/New_York;11fa6982d2cf3659;scan;KVUE;yahoo;18.999;0.2528;0.323;0.1845;1.37;-0.319;rejet_prob;prob 0.253 < seuil 0.323;;;;;;;;;;;;;-0.001;0.00058;-0.00521;;;;;0.00521;complet
2026-07-17T11:01:43-04:00;America/New_York;11fa6982d2cf3659;scan;AAPL;yahoo;332.9058;0.0136;0.323;0.0551;0.247;0.279;rejet_prob;prob 0.014 < seuil 0.323;;;;;;;;;;;;;-0.01897;-0.02107;0.00034;;;;;0.00034;complet
2026-07-17T11:01:44-04:00;America/New_York;11fa6982d2cf3659;scan;NVDA;yahoo;202.875;0.2754;0.323;0.2253;1.222;0.204;rejet_prob;prob 0.275 < seuil 0.323;;;;;;;;;;;;;0.002;0.04527;0.01954;;;;;0.01954;complet
2026-07-17T11:01:45-04:00;America/New_York;11fa6982d2cf3659;scan;TSLA;yahoo;380.0;0.1166;0.323;0.0711;1.64;0.082;rejet_prob;prob 0.117 < seuil 0.323;;;;;;;;;;;;;-0.02745;-0.01576;-0.17624;;;;;-0.17624;complet
2026-07-17T11:01:46-04:00;America/New_York;11fa6982d2cf3659;scan;AMD;yahoo;485.12;0.1299;0.323;0.1797;0.723;-0.185;rejet_prob;prob 0.130 < seuil 0.323;;;;;;;;;;;;;0.03803;0.13854;0.07592;;;;;-0.07592;complet
2026-07-17T11:01:48-04:00;America/New_York;11fa6982d2cf3659;scan;META;yahoo;626.73;0.0543;0.323;0.1495;0.363;0.424;rejet_prob;prob 0.054 < seuil 0.323;;;;;;;;;;;;;0.03051;0.0007;-0.05032;;;;;-0.05032;complet
2026-07-17T11:01:50-04:00;America/New_York;11fa6982d2cf3659;scan;SPY;yahoo;744.43;0.3377;0.323;0.2495;1.354;-0.376;rejet_ratio;options déjà chères : ratio 1.35 < 1.5 (p_implicite 0.249);;;;;;;;;;;;;-0.00314;0.004;-0.00739;;;;;0.00739;complet
2026-07-17T11:01:52-04:00;America/New_York;11fa6982d2cf3659;scan;QQQ;yahoo;693.76;0.2994;0.323;0.1125;2.661;-0.621;rejet_prob;prob 0.299 < seuil 0.323;;;;;;;;;;;;;0.00332;0.01671;-0.01374;;;;;0.01374;complet
2026-07-17T11:01:53-04:00;America/New_York;11fa6982d2cf3659;scan;COIN;yahoo;156.1069;0.2302;0.323;0.3246;0.709;0.011;rejet_prob;prob 0.230 < seuil 0.323;;;;;;;;;;;;;0.02769;0.06414;0.01398;;;;;0.01398;complet
2026-07-17T11:01:54-04:00;America/New_York;11fa6982d2cf3659;scan;PLTR;yahoo;131.908;0.0869;0.323;0.242;0.359;0.253;rejet_prob;prob 0.087 < seuil 0.323;;;;;;;;;;;;;0.0223;-0.05563;-0.06814;;;;;-0.06814;complet
2026-07-17T11:01:55-04:00;America/New_York;11fa6982d2cf3659;scan;SOFI;yahoo;16.84;0.1538;0.323;0.3786;0.406;-0.013;rejet_prob;prob 0.154 < seuil 0.323;;;;;;;;;;;;;0.0101;0.01366;-0.02257;;;;;0.02257;complet
2026-07-17T11:01:56-04:00;America/New_York;11fa6982d2cf3659;scan;MARA;yahoo;10.675;0.135;0.323;0.256;0.527;-0.201;rejet_prob;prob 0.135 < seuil 0.323;;;;;;;;;;;;;0.09321;0.16253;0.13536;;;;;-0.13536;complet
2026-07-17T11:01:58-04:00;America/New_York;11fa6982d2cf3659;scan;F;yahoo;14.32;0.204;0.323;0.4974;0.41;0.147;rejet_prob;prob 0.204 < seuil 0.323;;;;;;;;;;;;;-0.02304;0.00698;0.00349;;;;;0.00349;complet
2026-07-17T11:01:59-04:00;America/New_York;11fa6982d2cf3659;scan;T;yahoo;22.28;0.0714;0.323;0.1722;0.415;0.552;rejet_prob;prob 0.071 < seuil 0.323;;;;;;;;;;;;;-0.01481;0.03411;0.08303;;;;;0.08303;complet
2026-07-17T11:01:59-04:00;America/New_York;11fa6982d2cf3659;A;T;yahoo;22.28;0.0714;0.323;0.1722;0.415;0.552;rejet_prob;prob 0.071 < seuil 0.323;call;23.0;2026-08-07;21.0;0.44;0.51;0.475;0.3691;0.388;-0.019;0.0205;51.0;-0.01481;0.03411;0.08303;0.33;0.49;1.44;1.7802;0.08303;complet
2026-07-17T11:02:00-04:00;America/New_York;11fa6982d2cf3659;scan;PFE;yahoo;25.345;0.1432;0.323;0.1287;1.113;0.631;rejet_prob;prob 0.143 < seuil 0.323;;;;;;;;;;;;;-0.02348;-0.02071;-0.03176;;;;;-0.03176;complet
2026-07-17T11:02:00-04:00;America/New_York;11fa6982d2cf3659;A;PFE;yahoo;25.345;0.1432;0.323;0.1287;1.113;0.631;rejet_prob;prob 0.143 < seuil 0.323;call;26.0;2026-08-07;21.0;0.22;0.25;0.235;0.2041;0.329;-0.0117;0.022;25.0;-0.02348;-0.02071;-0.03176;0.1;0.13;0.13;-0.8529;-0.03176;complet
2026-07-17T11:02:02-04:00;America/New_York;11fa6982d2cf3659;scan;AAL;yahoo;15.115;0.0955;0.323;0.2098;0.455;-0.012;rejet_prob;prob 0.096 < seuil 0.323;;;;;;;;;;;;;0.00165;-0.0215;-0.04201;;;;;0.04201;complet
2026-07-17T11:02:03-04:00;America/New_York;11fa6982d2cf3659;scan;NIO;yahoo;4.825;0.3046;0.323;0.2944;1.035;0.012;rejet_prob;prob 0.305 < seuil 0.323;;;;;;;;;;;;;-0.00311;-0.03212;-0.06943;;;;;-0.06943;complet
2026-07-17T11:02:04-04:00;America/New_York;11fa6982d2cf3659;scan;INTC;yahoo;93.01;0.1574;0.323;0.1598;0.985;-0.169;rejet_prob;prob 0.157 < seuil 0.323;;;;;;;;;;;;;0.04354;0.10332;-0.00742;;;;;0.00742;complet
2026-07-17T11:02:05-04:00;America/New_York;11fa6982d2cf3659;scan;PLUG;yahoo;2.175;0.2786;0.323;0.5048;0.552;-0.375;rejet_prob;prob 0.279 < seuil 0.323;;;;;;;;;;;;;-0.02069;0.02529;-0.03908;;;;;0.03908;complet
2026-07-17T11:02:05-04:00;America/New_York;11fa6982d2cf3659;A;PLUG;yahoo;2.175;0.2786;0.323;0.5048;0.552;-0.375;rejet_prob;prob 0.279 < seuil 0.323;put;2.0;2026-08-07;21.0;0.09;0.15;0.12;0.9531;0.311;-0.0041;0.0018;15.0;-0.02069;0.02529;-0.03908;0.06;0.07;0.08;-0.2684;0.03908;complet
2026-07-17T11:02:06-04:00;America/New_York;11fa6982d2cf3659;scan;RIVN;yahoo;16.935;0.018;0.323;0.04;0.45;0.273;rejet_prob;prob 0.018 < seuil 0.323;;;;;;;;;;;;;0.01801;0.01447;-0.06466;;;;;-0.06466;complet
2026-07-17T11:02:08-04:00;America/New_York;11fa6982d2cf3659;scan;LCID;yahoo;6.69;0.0212;0.323;0.0952;0.223;0.801;rejet_prob;prob 0.021 < seuil 0.323;;;;;;;;;;;;;0.06278;0.01345;-0.0583;;;;;-0.0583;complet
2026-07-17T11:02:08-04:00;America/New_York;11fa6982d2cf3659;A;LCID;yahoo;6.69;0.0212;0.323;0.0952;0.223;0.801;rejet_prob;prob 0.021 < seuil 0.323;call;7.5;2026-08-07;21.0;0.21;0.52;0.365;0.999;0.365;-0.0146;0.006;52.0;0.06278;0.01345;-0.0583;0.37;0.12;0.2;-0.7327;-0.0583;complet
2026-07-17T11:02:09-04:00;America/New_York;11fa6982d2cf3659;scan;SNAP;yahoo;4.5147;0.2544;0.323;0.5933;0.429;0.177;rejet_prob;prob 0.254 < seuil 0.323;;;;;;;;;;;;;0.01003;-0.0099;-0.03648;;;;;-0.03648;complet
2026-07-17T11:02:09-04:00;America/New_York;11fa6982d2cf3659;C;SNAP;yahoo;4.5147;0.2544;0.323;0.5933;0.429;0.177;controle_aleatoire;contrôle apparié, direction aléatoire hausse;call;5.0;2026-08-07;21.0;0.23;0.25;0.24;0.9492;0.373;-0.0094;0.0041;25.0;0.01003;-0.0099;-0.03648;0.25;0.14;0.17;-0.5386;-0.03648;complet
2026-07-17T11:02:09-04:00;America/New_York;11fa6982d2cf3659;scan;WBD;yahoo;27.245;0.1848;0.323;0.7465;0.248;0.435;rejet_prob;prob 0.185 < seuil 0.323;;;;;;;;;;;;;-0.05083;-0.0512;-0.05414;;;;;-0.05414;complet
2026-07-17T11:02:09-04:00;America/New_York;11fa6982d2cf3659;A;WBD;yahoo;27.245;0.1848;0.323;0.7465;0.248;0.435;rejet_prob;prob 0.185 < seuil 0.323;call;28.0;2026-08-07;21.0;0.01;1.07;0.54;0.5234;0.447;-0.0336;0.0258;107.0;-0.05083;-0.0512;-0.05414;;0.01;;-0.6872;-0.05414;complet
2026-07-17T11:02:10-04:00;America/New_York;11fa6982d2cf3659;scan;VALE;yahoo;14.17;0.2478;0.323;0.2993;0.828;-0.323;rejet_prob;prob 0.248 < seuil 0.323;;;;;;;;;;;;;-0.00494;0.04799;0.04375;;;;;-0.04375;complet
2026-07-17T11:02:10-04:00;America/New_York;11fa6982d2cf3659;A;VALE;yahoo;14.17;0.2478;0.323;0.2993;0.828;-0.323;rejet_prob;prob 0.248 < seuil 0.323;put;14.0;2026-08-07;21.0;0.01;0.44;0.225;0.377;0.418;-0.0111;0.0133;44.0;-0.00494;0.04799;0.04375;0.33;;0.04;-0.6928;-0.04375;complet
2026-07-17T11:02:11-04:00;America/New_York;11fa6982d2cf3659;scan;PBR;yahoo;17.79;0.2121;0.323;0.499;0.425;0.637;rejet_prob;prob 0.212 < seuil 0.323;;;;;;;;;;;;;0.02248;0.06183;0.05509;;;;;0.05509;complet
2026-07-17T11:02:11-04:00;America/New_York;11fa6982d2cf3659;A;PBR;yahoo;17.79;0.2121;0.323;0.499;0.425;0.637;rejet_prob;prob 0.212 < seuil 0.323;call;18.5;2026-08-07;21.0;0.04;0.75;0.395;0.6025;0.428;-0.0249;0.0167;75.0;0.02248;0.06183;0.05509;0.26;0.74;0.32;0.3802;0.05509;complet
2026-07-17T11:02:12-04:00;America/New_York;11fa6982d2cf3659;scan;GOLD;yahoo;38.34;0.2616;0.323;0.2821;0.927;-0.233;rejet_prob;prob 0.262 < seuil 0.323;;;;;;;;;;;;;-0.02008;0.04877;0.02634;;;;;-0.02634;complet
2026-07-17T11:02:12-04:00;America/New_York;11fa6982d2cf3659;scan;CLF;yahoo;9.315;0.2364;0.323;0.4143;0.571;-0.126;rejet_prob;prob 0.236 < seuil 0.323;;;;;;;;;;;;;-0.03596;0.01449;0.28073;;;;;-0.28073;complet
2026-07-17T11:02:14-04:00;America/New_York;11fa6982d2cf3659;scan;CCL;yahoo;26.345;0.1615;0.323;0.2753;0.587;-0.2;rejet_prob;prob 0.162 < seuil 0.323;;;;;;;;;;;;;-0.01158;-0.0093;-0.00057;;;;;0.00057;complet
2026-07-17T11:02:15-04:00;America/New_York;11fa6982d2cf3659;scan;RIOT;yahoo;18.415;0.2122;0.323;0.3173;0.669;-0.333;rejet_prob;prob 0.212 < seuil 0.323;;;;;;;;;;;;;0.08064;0.26962;0.22346;;;;;-0.22346;complet
2026-07-17T11:02:15-04:00;America/New_York;11fa6982d2cf3659;A;RIOT;yahoo;18.415;0.2122;0.323;0.3173;0.669;-0.333;rejet_prob;prob 0.212 < seuil 0.323;put;18.0;2026-08-07;21.0;1.49;1.62;1.555;0.9863;0.411;-0.0392;0.0172;162.0;0.08064;0.26962;0.22346;0.65;0.18;0.4;-0.8577;-0.22346;complet
2026-07-17T11:02:16-04:00;America/New_York;11fa6982d2cf3659;scan;TLRY;yahoo;4.27;0.3333;0.323;0.651;0.512;-0.415;rejet_ratio;options déjà chères : ratio 0.51 < 1.5 (p_implicite 0.651);;;;;;;;;;;;;-0.00937;-0.02576;-0.09133;;;;;0.09133;complet
2026-07-17T11:02:16-04:00;America/New_York;11fa6982d2cf3659;A;TLRY;yahoo;4.27;0.3333;0.323;0.651;0.512;-0.415;rejet_ratio;options déjà chères : ratio 0.51 < 1.5 (p_implicite 0.651);put;4.0;2026-08-07;21.0;0.2;0.27;0.235;0.875;0.334;-0.0076;0.0037;27.0;-0.00937;-0.02576;-0.09133;0.2;0.31;0.3;0.2189;0.09133;complet
2026-07-17T11:02:17-04:00;America/New_York;11fa6982d2cf3659;scan;BAC;yahoo;61.835;0.12;0.323;0.1536;0.781;0.396;rejet_prob;prob 0.120 < seuil 0.323;;;;;;;;;;;;;-0.02288;-0.00348;0.00348;;;;;0.00348;complet
2026-07-17T11:02:17-04:00;America/New_York;11fa6982d2cf3659;A;BAC;yahoo;61.835;0.12;0.323;0.1536;0.781;0.396;rejet_prob;prob 0.120 < seuil 0.323;call;63.0;2026-08-07;21.0;0.8;0.82;0.81;0.2163;0.388;-0.0321;0.0568;82.0;-0.02288;-0.00348;0.00348;0.46;0.34;0.67;-0.1611;0.00348;complet
2026-07-17T11:02:18-04:00;America/New_York;11fa6982d2cf3659;scan;AGNC;yahoo;11.265;0.289;0.323;0.3109;0.93;0.506;rejet_prob;prob 0.289 < seuil 0.323;;;;;;;;;;;;;-0.03063;-0.04838;-0.05992;;;;;-0.05992;complet
2026-07-17T11:02:18-04:00;America/New_York;11fa6982d2cf3659;A;AGNC;yahoo;11.265;0.289;0.323;0.3109;0.93;0.506;rejet_prob;prob 0.289 < seuil 0.323;call;11.5;2026-08-07;21.0;0.12;0.14;0.13;0.2149;0.373;-0.0057;0.0102;14.0;-0.03063;-0.04838;-0.05992;0.02;;;-0.965;-0.05992;complet
2026-07-17T11:02:19-04:00;America/New_York;11fa6982d2cf3659;scan;KVUE;yahoo;19.145;0.2036;0.323;0.229;0.889;-0.273;rejet_prob;prob 0.204 < seuil 0.323;;;;;;;;;;;;;-0.00653;-0.00078;0.00705;;;;;-0.00705;complet
2026-07-20T11:32:24-04:00;America/New_York;11fa6982d2cf3659;scan;AAPL;yahoo;325.29;0.0275;0.323;0.0572;0.481;0.251;rejet_prob;prob 0.028 < seuil 0.323;;;;;;;;;;;;;0.00753;-0.01116;0.03572;;;;;0.03572;complet
2026-07-20T11:32:24-04:00;America/New_York;11fa6982d2cf3659;scan;NVDA;yahoo;206.35;0.3336;0.323;0.1631;2.045;0.236;signal_sans_direction;mouvement probable mais aucune direction claire : pas de trade;;;;;;;;;;;;;0.00456;0.01168;-0.04769;;;;;-0.04769;complet
2026-07-20T11:32:25-04:00;America/New_York;11fa6982d2cf3659;scan;TSLA;yahoo;373.92;0.1029;0.323;0.0675;1.524;-0.171;rejet_prob;prob 0.103 < seuil 0.323;;;;;;;;;;;;;0.0134;-0.14503;-0.17303;;;;;0.17303;complet
2026-07-20T11:32:26-04:00;America/New_York;11fa6982d2cf3659;scan;AMD;yahoo;513.645;0.1315;0.323;0.2364;0.556;0.114;rejet_prob;prob 0.132 < seuil 0.323;;;;;;;;;;;;;0.05993;0.05071;-0.0364;;;;;-0.0364;complet
2026-07-20T11:32:26-04:00;America/New_York;11fa6982d2cf3659;scan;META;yahoo;647.825;0.0749;0.323;0.1573;0.476;0.436;rejet_prob;prob 0.075 < seuil 0.323;;;;;;;;;;;;;-0.0062;-0.06441;-0.08329;;;;;-0.08329;complet
2026-07-20T11:32:27-04:00;America/New_York;11fa6982d2cf3659;scan;SPY;yahoo;745.935;0.263;0.323;0.2397;1.097;-0.326;rejet_prob;prob 0.263 < seuil 0.323;;;;;;;;;;;;;0.00314;-0.0104;-0.00918;;;;;0.00918;complet
2026-07-20T11:32:28-04:00;America/New_York;11fa6982d2cf3659;scan;QQQ;yahoo;701.695;0.3342;0.323;0.1489;2.244;-0.7;direction_sans_contrat;direction convergente mais aucun contrat de qualité;;;;;;;;;;;;;0.01037;-0.01387;-0.0279;;;;;0.0279;complet
2026-07-20T11:32:29-04:00;America/New_York;11fa6982d2cf3659;scan;COIN;yahoo;159.66;0.2516;0.323;0.3298;0.763;0.411;rejet_prob;prob 0.252 < seuil 0.323;;;;;;;;;;;;;0.1014;0.00939;0.04904;;;;;0.04904;complet
2026-07-20T11:32:29-04:00;America/New_York;11fa6982d2cf3659;scan;PLTR;yahoo;133.42;0.092;0.323;0.2529;0.364;0.513;rejet_prob;prob 0.092 < seuil 0.323;;;;;;;;;;;;;-0.0057;-0.07533;-0.01417;;;;;-0.01417;complet
2026-07-20T11:32:30-04:00;America/New_York;11fa6982d2cf3659;scan;SOFI;yahoo;17.1545;0.2469;0.323;0.4026;0.613;0.014;rejet_prob;prob 0.247 < seuil 0.323;;;;;;;;;;;;;0.0283;-0.02941;-0.016;;;;;-0.016;complet
2026-07-20T11:32:30-04:00;America/New_York;11fa6982d2cf3659;scan;MARA;yahoo;11.825;0.0618;0.323;0.2331;0.265;-0.117;rejet_prob;prob 0.062 < seuil 0.323;;;;;;;;;;;;;0.03594;0.07992;-0.00465;;;;;0.00465;complet
2026-07-20T11:32:31-04:00;America/New_York;11fa6982d2cf3659;scan;F;yahoo;14.095;0.1832;0.323;0.506;0.362;0.282;rejet_prob;prob 0.183 < seuil 0.323;;;;;;;;;;;;;0.01242;0.0039;0.0415;;;;;0.0415;complet
2026-07-20T11:32:32-04:00;America/New_York;11fa6982d2cf3659;scan;T;yahoo;21.925;0.0452;0.323;0.1795;0.252;0.512;rejet_prob;prob 0.045 < seuil 0.323;;;;;;;;;;;;;0.01528;0.04721;0.1138;;;;;0.1138;complet
2026-07-20T11:32:32-04:00;America/New_York;11fa6982d2cf3659;A;T;yahoo;21.925;0.0452;0.323;0.1795;0.252;0.512;rejet_prob;prob 0.045 < seuil 0.323;call;22.5;2026-08-14;25.0;0.54;0.59;0.565;0.3584;0.422;-0.0172;0.0225;59.0;0.01528;0.04721;0.1138;0.9;1.2;2.16;2.5746;0.1138;complet
2026-07-20T11:32:32-04:00;America/New_York;11fa6982d2cf3659;scan;PFE;yahoo;24.8801;0.2303;0.323;0.1991;1.157;0.169;rejet_prob;prob 0.230 < seuil 0.323;;;;;;;;;;;;;0.00241;0.00522;-0.00844;;;;;-0.00844;complet
2026-07-20T11:32:33-04:00;America/New_York;11fa6982d2cf3659;scan;AAL;yahoo;15.215;0.1133;0.323;0.2307;0.491;-0.183;rejet_prob;prob 0.113 < seuil 0.323;;;;;;;;;;;;;0.00427;-0.10877;-0.01742;;;;;0.01742;complet
2026-07-20T11:32:33-04:00;America/New_York;11fa6982d2cf3659;scan;NIO;yahoo;4.885;0.3024;0.323;0.3403;0.889;0.431;rejet_prob;prob 0.302 < seuil 0.323;;;;;;;;;;;;;-0.01945;-0.05015;-0.05425;;;;;-0.05425;complet
2026-07-20T11:32:33-04:00;America/New_York;11fa6982d2cf3659;A;NIO;yahoo;4.885;0.3024;0.323;0.3403;0.889;0.431;rejet_prob;prob 0.302 < seuil 0.323;call;5.0;2026-08-14;25.0;0.22;0.25;0.235;0.5508;0.473;-0.0059;0.0051;25.0;-0.01945;-0.05015;-0.05425;0.16;0.08;0.1;-0.622;-0.05425;complet
2026-07-20T11:32:34-04:00;America/New_York;11fa6982d2cf3659;scan;INTC;yahoo;98.625;0.168;0.323;0.2769;0.607;-0.292;rejet_prob;prob 0.168 < seuil 0.323;;;;;;;;;;;;;0.0692;0.01627;-0.07052;;;;;0.07052;complet
2026-07-20T11:32:35-04:00;America/New_York;11fa6982d2cf3659;scan;PLUG;yahoo;2.125;0.4348;0.323;0.5927;0.734;-0.066;rejet_ratio;options déjà chères : ratio 0.73 < 1.5 (p_implicite 0.593);;;;;;;;;;;;;0.06824;0.03059;-0.03059;;;;;0.03059;complet
2026-07-20T11:32:35-04:00;America/New_York;11fa6982d2cf3659;scan;RIVN;yahoo;17.365;0.0174;0.323;0.038;0.458;0.515;rejet_prob;prob 0.017 < seuil 0.323;;;;;;;;;;;;;0.02275;-0.05212;-0.05096;;;;;-0.05096;complet
2026-07-20T11:32:35-04:00;America/New_York;11fa6982d2cf3659;A;RIVN;yahoo;17.365;0.0174;0.323;0.038;0.458;0.515;rejet_prob;prob 0.017 < seuil 0.323;call;19.0;2026-08-14;25.0;0.8;0.99;0.895;0.8184;0.383;-0.0291;0.0173;99.0;0.02275;-0.05212;-0.05096;0.82;0.36;0.33;-0.5904;-0.05096;complet
2026-07-20T11:32:36-04:00;America/New_York;11fa6982d2cf3659;scan;LCID;yahoo;7.105;0.0149;0.323;0.0732;0.204;0.229;rejet_prob;prob 0.015 < seuil 0.323;;;;;;;;;;;;;0.03026;-0.09219;-0.08515;;;;;-0.08515;complet
2026-07-20T11:32:36-04:00;America/New_York;11fa6982d2cf3659;scan;SNAP;yahoo;4.585;0.2553;0.323;0.6131;0.416;0.157;rejet_prob;prob 0.255 < seuil 0.323;;;;;;;;;;;;;-0.00545;-0.03817;-0.01418;;;;;-0.01418;complet
2026-07-20T11:32:37-04:00;America/New_York;11fa6982d2cf3659;scan;WBD;yahoo;26.555;0.1803;0.323;0.8662;0.208;-0.079;rejet_prob;prob 0.180 < seuil 0.323;;;;;;;;;;;;;-0.0273;-0.02278;-0.04801;;;;;0.04801;complet
2026-07-20T11:32:38-04:00;America/New_York;11fa6982d2cf3659;scan;VALE;yahoo;14.155;0.2222;0.323;0.5447;0.408;-0.488;rejet_prob;prob 0.222 < seuil 0.323;;;;;;;;;;;;;0.00671;0.04769;0.04415;;;;;-0.04415;complet
2026-07-20T11:32:38-04:00;America/New_York;11fa6982d2cf3659;A;VALE;yahoo;14.155;0.2222;0.323;0.5447;0.408;-0.488;rejet_prob;prob 0.222 < seuil 0.323;put;14.0;2026-08-14;25.0;0.24;0.93;0.585;0.6719;0.433;-0.0187;0.0146;93.0;0.00671;0.04769;0.04415;0.15;0.09;;-0.452;-0.04415;complet
2026-07-20T11:32:41-04:00;America/New_York;11fa6982d2cf3659;scan;PBR;yahoo;18.1589;0.2241;0.323;0.3817;0.587;0.445;rejet_prob;prob 0.224 < seuil 0.323;;;;;;;;;;;;;0.02099;0.04632;-0.00875;;;;;-0.00875;complet
2026-07-20T11:32:41-04:00;America/New_York;11fa6982d2cf3659;A;PBR;yahoo;18.1589;0.2241;0.323;0.3817;0.587;0.445;rejet_prob;prob 0.224 < seuil 0.323;call;19.0;2026-08-14;25.0;0.34;0.45;0.395;0.4072;0.366;-0.0153;0.0179;45.0;0.02099;0.04632;-0.00875;0.39;0.44;0.24;-0.3467;-0.00875;complet
2026-07-20T11:32:41-04:00;America/New_York;11fa6982d2cf3659;scan;GOLD;yahoo;37.46;0.2266;0.323;0.3559;0.637;-0.56;rejet_prob;prob 0.227 < seuil 0.323;;;;;;;;;;;;;0.0662;0.05526;0.09744;;;;;-0.09744;complet
2026-07-20T11:32:41-04:00;America/New_York;11fa6982d2cf3659;A;GOLD;yahoo;37.46;0.2266;0.323;0.3559;0.637;-0.56;rejet_prob;prob 0.227 < seuil 0.323;put;35.0;2026-08-21;32.0;0.75;1.4;1.075;0.561;0.303;-0.0324;0.0387;140.0;0.0662;0.05526;0.09744;0.35;0.25;;-0.7369;-0.09744;complet
2026-07-20T11:32:42-04:00;America/New_York;11fa6982d2cf3659;scan;CLF;yahoo;8.97;0.1745;0.323;0.4034;0.433;-0.125;rejet_prob;prob 0.174 < seuil 0.323;;;;;;;;;;;;;0.03122;0.22185;0.36566;;;;;-0.36566;complet
2026-07-20T11:32:43-04:00;America/New_York;11fa6982d2cf3659;scan;CCL;yahoo;26.115;0.171;0.323;0.3233;0.529;-0.208;rejet_prob;prob 0.171 < seuil 0.323;;;;;;;;;;;;;0.00172;-0.03236;0.03848;;;;;-0.03848;complet
2026-07-20T11:32:43-04:00;America/New_York;11fa6982d2cf3659;scan;RIOT;yahoo;19.565;0.1288;0.323;0.3053;0.422;-0.158;rejet_prob;prob 0.129 < seuil 0.323;;;;;;;;;;;;;0.09839;0.21952;0.12292;;;;;-0.12292;complet
2026-07-20T11:32:44-04:00;America/New_York;11fa6982d2cf3659;scan;TLRY;yahoo;4.235;0.3552;0.323;0.6715;0.529;0.031;rejet_ratio;options déjà chères : ratio 0.53 < 1.5 (p_implicite 0.671);;;;;;;;;;;;;0.00118;-0.05785;-0.04841;;;;;-0.04841;complet
2026-07-20T11:32:44-04:00;America/New_York;11fa6982d2cf3659;scan;BAC;yahoo;60.96;0.211;0.323;0.1807;1.168;-0.015;rejet_prob;prob 0.211 < seuil 0.323;;;;;;;;;;;;;0.00427;0.00525;0.01919;;;;;-0.01919;complet
2026-07-20T11:32:45-04:00;America/New_York;11fa6982d2cf3659;scan;AGNC;yahoo;11.035;0.2499;0.323;0.2301;1.086;-0.012;rejet_prob;prob 0.250 < seuil 0.323;;;;;;;;;;;;;-0.02311;-0.04304;-0.0358;;;;;0.0358;complet
2026-07-20T11:32:45-04:00;America/New_York;11fa6982d2cf3659;scan;KVUE;yahoo;19.035;0.1243;0.323;0.21;0.592;0.328;rejet_prob;prob 0.124 < seuil 0.323;;;;;;;;;;;;;-0.00131;-0.00709;0.02338;;;;;0.02338;complet
2026-07-20T11:32:45-04:00;America/New_York;11fa6982d2cf3659;A;KVUE;yahoo;19.035;0.1243;0.323;0.21;0.592;0.328;rejet_prob;prob 0.124 < seuil 0.323;call;19.5;2026-08-14;25.0;0.26;0.35;0.305;0.2686;0.396;-0.0112;0.0192;35.0;-0.00131;-0.00709;0.02338;0.16;;0.6;0.3569;0.02338;complet
2026-07-21T11:25:03-04:00;America/New_York;11fa6982d2cf3659;scan;AAPL;yahoo;328.155;0.0327;0.323;0.054;0.606;0.419;rejet_prob;prob 0.033 < seuil 0.323;;;;;;;;;;;;;-0.0069;0.01483;0.03634;;;;;0.03634;complet
2026-07-21T11:25:04-04:00;America/New_York;11fa6982d2cf3659;scan;NVDA;yahoo;206.47;0.2544;0.323;0.1402;1.815;0.188;rejet_prob;prob 0.254 < seuil 0.323;;;;;;;;;;;;;0.02707;0.00179;-0.04582;;;;;-0.04582;complet
2026-07-21T11:25:05-04:00;America/New_York;11fa6982d2cf3659;scan;TSLA;yahoo;381.12;0.211;0.323;0.0591;3.57;-0.061;rejet_prob;prob 0.211 < seuil 0.323;;;;;;;;;;;;;-0.01866;-0.17866;-0.19332;;;;;0.19332;complet
2026-07-21T11:25:06-04:00;America/New_York;11fa6982d2cf3659;scan;AMD;yahoo;534.64;0.1763;0.323;0.2192;0.804;0.132;rejet_prob;prob 0.176 < seuil 0.323;;;;;;;;;;;;;0.03309;-0.02374;-0.14967;;;;;-0.14967;complet
2026-07-21T11:25:07-04:00;America/New_York;11fa6982d2cf3659;scan;META;yahoo;647.09;0.0478;0.323;0.1629;0.293;0.542;rejet_prob;prob 0.048 < seuil 0.323;;;;;;;;;;;;;-0.03078;-0.08021;-0.08296;;;;;-0.08296;complet
2026-07-21T11:25:08-04:00;America/New_York;11fa6982d2cf3659;scan;SPY;yahoo;747.64;0.3596;0.323;0.1965;1.83;-0.295;signal_sans_direction;mouvement probable mais aucune direction claire : pas de trade;;;;;;;;;;;;;-0.00031;-0.01165;-0.00907;;;;;0.00907;complet
2026-07-21T11:25:10-04:00;America/New_York;11fa6982d2cf3659;scan;QQQ;yahoo;708.4999;0.3516;0.323;0.1164;3.021;-0.558;direction_sans_contrat;direction convergente mais aucun contrat de qualité;;;;;;;;;;;;;-0.00445;-0.03426;-0.04659;;;;;0.04659;complet
2026-07-21T11:25:11-04:00;America/New_York;11fa6982d2cf3659;scan;COIN;yahoo;178.735;0.0914;0.323;0.2303;0.397;0.542;rejet_prob;prob 0.091 < seuil 0.323;;;;;;;;;;;;;-0.07058;-0.11439;-0.06062;;;;;-0.06062;complet
2026-07-21T11:25:12-04:00;America/New_York;11fa6982d2cf3659;scan;PLTR;yahoo;133.42;0.1315;0.323;0.3267;0.403;0.583;rejet_prob;prob 0.132 < seuil 0.323;;;;;;;;;;;;;-0.06633;-0.0787;-0.07413;;;;;-0.07413;complet
2026-07-21T11:25:13-04:00;America/New_York;11fa6982d2cf3659;scan;SOFI;yahoo;17.4087;0.1888;0.323;0.4319;0.437;0.289;rejet_prob;prob 0.189 < seuil 0.323;;;;;;;;;;;;;-0.01946;-0.0545;-0.03841;;;;;-0.03841;complet
2026-07-21T11:25:14-04:00;America/New_York;11fa6982d2cf3659;scan;MARA;yahoo;12.47;0.0885;0.323;0.2258;0.392;0.053;rejet_prob;prob 0.088 < seuil 0.323;;;;;;;;;;;;;-0.00481;-0.02807;-0.08741;;;;;-0.08741;complet
2026-07-21T11:25:15-04:00;America/New_York;11fa6982d2cf3659;scan;F;yahoo;14.275;0.1727;0.323;0.4792;0.36;0.38;rejet_prob;prob 0.173 < seuil 0.323;;;;;;;;;;;;;0.01016;0.00665;0.04799;;;;;0.04799;complet
2026-07-21T11:25:15-04:00;America/New_York;11fa6982d2cf3659;A;F;yahoo;14.275;0.1727;0.323;0.4792;0.36;0.38;rejet_prob;prob 0.173 < seuil 0.323;call;15.0;2026-08-14;24.0;0.33;0.36;0.345;0.4316;0.357;-0.0129;0.0137;36.0;0.01016;0.00665;0.04799;0.26;0.34;;0.5322;0.04799;complet
2026-07-21T11:25:16-04:00;America/New_York;11fa6982d2cf3659;scan;T;yahoo;22.025;0.0297;0.323;0.1793;0.166;0.151;rejet_prob;prob 0.030 < seuil 0.323;;;;;;;;;;;;;0.04608;0.09557;0.11964;;;;;0.11964;complet
2026-07-21T11:25:17-04:00;America/New_York;11fa6982d2cf3659;scan;PFE;yahoo;24.895;0.2039;0.323;0.1809;1.127;0.172;rejet_prob;prob 0.204 < seuil 0.323;;;;;;;;;;;;;-0.00301;-0.01426;0.01426;;;;;0.01426;complet
2026-07-21T11:25:18-04:00;America/New_York;11fa6982d2cf3659;scan;AAL;yahoo;15.155;0.1277;0.323;0.2537;0.503;-0.112;rejet_prob;prob 0.128 < seuil 0.323;;;;;;;;;;;;;-0.02408;-0.04454;0.01353;;;;;-0.01353;complet
2026-07-21T11:25:19-04:00;America/New_York;11fa6982d2cf3659;scan;NIO;yahoo;4.825;0.2588;0.323;0.3157;0.82;-0.022;rejet_prob;prob 0.259 < seuil 0.323;;;;;;;;;;;;;-0.03212;-0.06943;-0.03005;;;;;0.03005;complet
2026-07-21T11:25:20-04:00;America/New_York;11fa6982d2cf3659;scan;INTC;yahoo;104.275;0.1591;0.323;0.2749;0.579;-0.105;rejet_prob;prob 0.159 < seuil 0.323;;;;;;;;;;;;;-0.01587;-0.11465;-0.17238;;;;;0.17238;complet
2026-07-21T11:25:21-04:00;America/New_York;11fa6982d2cf3659;scan;PLUG;yahoo;2.24;0.4539;0.323;0.5083;0.893;-0.312;rejet_ratio;options déjà chères : ratio 0.89 < 1.5 (p_implicite 0.508);;;;;;;;;;;;;-0.00446;-0.06696;-0.125;;;;;0.125;complet
2026-07-21T11:25:22-04:00;America/New_York;11fa6982d2cf3659;scan;RIVN;yahoo;17.675;0.0133;0.323;0.0585;0.227;0.454;rejet_prob;prob 0.013 < seuil 0.323;;;;;;;;;;;;;-0.02801;-0.10382;-0.05573;;;;;-0.05573;complet
2026-07-21T11:25:22-04:00;America/New_York;11fa6982d2cf3659;A;RIVN;yahoo;17.675;0.0133;0.323;0.0585;0.227;0.454;rejet_prob;prob 0.013 < seuil 0.323;call;19.0;2026-08-14;24.0;0.91;1.0;0.955;0.7988;0.407;-0.03;0.0176;100.0;-0.02801;-0.10382;-0.05573;0.47;0.44;;-0.5915;-0.05573;complet
2026-07-21T11:25:23-04:00;America/New_York;11fa6982d2cf3659;scan;LCID;yahoo;7.05;0.0207;0.323;0.0588;0.352;0.071;rejet_prob;prob 0.021 < seuil 0.323;;;;;;;;;;;;;-0.0383;-0.10638;0.12057;;;;;0.12057;complet
2026-07-21T11:25:23-04:00;America/New_York;11fa6982d2cf3659;scan;SNAP;yahoo;4.605;0.2442;0.323;0.6201;0.394;0.025;rejet_prob;prob 0.244 < seuil 0.323;;;;;;;;;;;;;-0.02932;-0.05537;0.03583;;;;;0.03583;complet
2026-07-21T11:25:24-04:00;America/New_York;11fa6982d2cf3659;scan;WBD;yahoo;25.67;0.1199;0.323;0.6536;0.183;-0.269;rejet_prob;prob 0.120 < seuil 0.323;;;;;;;;;;;;;0.00701;0.0039;-0.00234;;;;;0.00234;complet
2026-07-21T11:25:25-04:00;America/New_York;11fa6982d2cf3659;scan;VALE;yahoo;14.1536;0.2927;0.323;0.4969;0.589;-0.707;rejet_prob;prob 0.293 < seuil 0.323;;;;;;;;;;;;;0.0492;0.04496;0.03861;;;;;-0.03861;complet
2026-07-21T11:25:25-04:00;America/New_York;11fa6982d2cf3659;A;VALE;yahoo;14.1536;0.2927;0.323;0.4969;0.589;-0.707;rejet_prob;prob 0.293 < seuil 0.323;put;14.0;2026-08-14;24.0;0.34;0.64;0.49;0.4863;0.431;-0.0136;0.0143;64.0;0.0492;0.04496;0.03861;;0.2;;-0.5244;-0.03861;complet
2026-07-21T11:25:26-04:00;America/New_York;11fa6982d2cf3659;scan;PBR;yahoo;18.395;0.2369;0.323;0.3741;0.633;0.221;rejet_prob;prob 0.237 < seuil 0.323;;;;;;;;;;;;;0.02691;0.02039;-0.01767;;;;;-0.01767;complet
2026-07-21T11:25:27-04:00;America/New_York;11fa6982d2cf3659;scan;GOLD;yahoo;39.1;0.2415;0.323;0.2747;0.879;0.039;rejet_prob;prob 0.241 < seuil 0.323;;;;;;;;;;;;;0.02839;0.00639;0.04348;;;;;0.04348;complet
2026-07-21T11:25:28-04:00;America/New_York;11fa6982d2cf3659;scan;CLF;yahoo;9.2482;0.236;0.323;0.4139;0.57;-0.137;rejet_prob;prob 0.236 < seuil 0.323;;;;;;;;;;;;;0.02182;0.28998;0.29539;;;;;-0.29539;complet
2026-07-21T11:25:29-04:00;America/New_York;11fa6982d2cf3659;scan;CCL;yahoo;26.155;0.2012;0.323;0.3384;0.595;-0.105;rejet_prob;prob 0.201 < seuil 0.323;;;;;;;;;;;;;-0.0021;0.00669;0.07933;;;;;-0.07933;complet
2026-07-21T11:25:30-04:00;America/New_York;11fa6982d2cf3659;scan;RIOT;yahoo;21.2199;0.0448;0.323;0.2535;0.177;-0.064;rejet_prob;prob 0.045 < seuil 0.323;;;;;;;;;;;;;0.1018;0.06174;0.00095;;;;;-0.00095;complet
2026-07-21T11:25:31-04:00;America/New_York;11fa6982d2cf3659;scan;TLRY;yahoo;4.2614;0.3453;0.323;0.6967;0.496;-0.159;rejet_ratio;options déjà chères : ratio 0.50 < 1.5 (p_implicite 0.697);;;;;;;;;;;;;-0.0238;-0.0895;-0.0543;;;;;0.0543;complet
2026-07-21T11:25:32-04:00;America/New_York;11fa6982d2cf3659;scan;BAC;yahoo;60.9664;0.2277;0.323;0.1952;1.166;0.149;rejet_prob;prob 0.228 < seuil 0.323;;;;;;;;;;;;;0.01072;0.01777;0.02712;;;;;0.02712;complet
2026-07-21T11:25:33-04:00;America/New_York;11fa6982d2cf3659;scan;AGNC;yahoo;10.865;0.2995;0.323;0.1807;1.657;0.394;rejet_prob;prob 0.299 < seuil 0.323;;;;;;;;;;;;;-0.01335;-0.02531;0.01887;;;;;0.01887;complet
2026-07-21T11:25:33-04:00;America/New_York;11fa6982d2cf3659;A;AGNC;yahoo;10.865;0.2995;0.323;0.1807;1.657;0.394;rejet_prob;prob 0.299 < seuil 0.323;call;11.0;2026-08-14;24.0;0.13;0.18;0.155;0.2109;0.442;-0.0054;0.011;18.0;-0.01335;-0.02531;0.01887;0.05;0.04;;0.3894;0.01887;complet
2026-07-21T11:25:34-04:00;America/New_York;11fa6982d2cf3659;scan;KVUE;yahoo;18.985;0.1639;0.323;0.3408;0.481;0.1;rejet_prob;prob 0.164 < seuil 0.323;;;;;;;;;;;;;0.00764;0.01554;0.04029;;;;;0.04029;complet
2026-07-22T11:22:30-04:00;America/New_York;11fa6982d2cf3659;scan;AAPL;yahoo;324.585;0.041;0.323;0.0569;0.721;0.504;rejet_prob;prob 0.041 < seuil 0.323;;;;;;;;;;;;;-0.00901;0.03797;0.04192;;;;;0.04192;complet
2026-07-22T11:22:30-04:00;America/New_York;11fa6982d2cf3659;scan;NVDA;yahoo;212.23;0.2981;0.323;0.172;1.733;0.458;rejet_prob;prob 0.298 < seuil 0.323;;;;;;;;;;;;;-0.01635;-0.07407;-0.1047;;;;;-0.1047;complet
2026-07-22T11:22:32-04:00;America/New_York;11fa6982d2cf3659;scan;TSLA;yahoo;378.16;0.1623;0.323;0.0727;2.232;0.056;rejet_prob;prob 0.162 < seuil 0.323;;;;;;;;;;;;;-0.15462;-0.1823;-0.21113;;;;;-0.21113;complet
2026-07-22T11:22:33-04:00;America/New_York;11fa6982d2cf3659;scan;AMD;yahoo;555.08;0.1199;0.323;0.2191;0.547;0.397;rejet_prob;prob 0.120 < seuil 0.323;;;;;;;;;;;;;-0.02773;-0.10833;-0.22613;;;;;-0.22613;complet
2026-07-22T11:22:34-04:00;America/New_York;11fa6982d2cf3659;scan;META;yahoo;627.94;0.0468;0.323;0.1558;0.3;0.424;rejet_prob;prob 0.047 < seuil 0.323;;;;;;;;;;;;;-0.03478;-0.05426;-0.06741;;;;;-0.06741;complet
2026-07-22T11:22:36-04:00;America/New_York;11fa6982d2cf3659;scan;SPY;yahoo;748.91;0.3129;0.323;0.2522;1.241;-0.291;rejet_prob;prob 0.313 < seuil 0.323;;;;;;;;;;;;;-0.01433;-0.01311;-0.02597;;;;;0.02597;complet
2026-07-22T11:22:37-04:00;America/New_York;11fa6982d2cf3659;scan;QQQ;yahoo;708.56;0.3079;0.323;0.1666;1.848;-0.449;rejet_prob;prob 0.308 < seuil 0.323;;;;;;;;;;;;;-0.02343;-0.03732;-0.06609;;;;;0.06609;complet
2026-07-22T11:22:38-04:00;America/New_York;11fa6982d2cf3659;scan;COIN;yahoo;170.58;0.165;0.323;0.2252;0.733;0.25;rejet_prob;prob 0.165 < seuil 0.323;;;;;;;;;;;;;-0.05522;-0.01811;-0.0615;;;;;-0.0615;complet
2026-07-22T11:22:39-04:00;America/New_York;11fa6982d2cf3659;scan;PLTR;yahoo;126.77;0.1287;0.323;0.2974;0.433;0.309;rejet_prob;prob 0.129 < seuil 0.323;;;;;;;;;;;;;-0.02682;0.03755;-0.02974;;;;;-0.02974;complet
2026-07-22T11:22:40-04:00;America/New_York;11fa6982d2cf3659;scan;SOFI;yahoo;17.2699;0.2431;0.323;0.4116;0.591;0.189;rejet_prob;prob 0.243 < seuil 0.323;;;;;;;;;;;;;-0.03589;-0.02258;-0.11696;;;;;-0.11696;complet
2026-07-22T11:22:41-04:00;America/New_York;11fa6982d2cf3659;scan;MARA;yahoo;12.765;0.1233;0.323;0.2157;0.572;-0.014;rejet_prob;prob 0.123 < seuil 0.323;;;;;;;;;;;;;0.00039;-0.07795;-0.21269;;;;;0.21269;complet
2026-07-22T11:22:42-04:00;America/New_York;11fa6982d2cf3659;scan;F;yahoo;14.41;0.1653;0.323;0.4532;0.365;0.626;rejet_prob;prob 0.165 < seuil 0.323;;;;;;;;;;;;;-0.01804;0.01874;0.06037;;;;;0.06037;complet
2026-07-22T11:22:42-04:00;America/New_York;11fa6982d2cf3659;A;F;yahoo;14.41;0.1653;0.323;0.4532;0.365;0.626;rejet_prob;prob 0.165 < seuil 0.323;call;15.0;2026-08-14;23.0;0.38;0.41;0.395;0.4414;0.389;-0.014;0.0139;41.0;-0.01804;0.01874;0.06037;0.28;0.56;0.27;0.7703;0.06037;complet
2026-07-22T11:22:43-04:00;America/New_York;11fa6982d2cf3659;scan;T;yahoo;22.965;0.0362;0.323;0.0801;0.452;0.543;rejet_prob;prob 0.036 < seuil 0.323;;;;;;;;;;;;;-0.00022;0.06336;0.04246;;;;;0.04246;complet
2026-07-22T11:22:43-04:00;America/New_York;11fa6982d2cf3659;A;T;yahoo;22.965;0.0362;0.323;0.0801;0.452;0.543;rejet_prob;prob 0.036 < seuil 0.323;call;23.5;2026-08-14;23.0;0.42;0.46;0.44;0.293;0.406;-0.0153;0.0224;46.0;-0.00022;0.06336;0.04246;0.41;1.3;0.37;0.859;0.04246;complet
2026-07-22T11:22:44-04:00;America/New_York;11fa6982d2cf3659;scan;PFE;yahoo;25.005;0.2042;0.323;0.1906;1.071;0.477;rejet_prob;prob 0.204 < seuil 0.323;;;;;;;;;;;;;0.0002;-0.0134;0.0058;;;;;0.0058;complet
2026-07-22T11:22:44-04:00;America/New_York;11fa6982d2cf3659;A;PFE;yahoo;25.005;0.2042;0.323;0.1906;1.071;0.477;rejet_prob;prob 0.204 < seuil 0.323;call;25.5;2026-08-14;23.0;0.3;0.33;0.315;0.21;0.385;-0.0121;0.024;33.0;0.0002;-0.0134;0.0058;0.26;0.53;0.24;-0.061;0.0058;complet
2026-07-22T11:22:45-04:00;America/New_York;11fa6982d2cf3659;scan;AAL;yahoo;15.15;0.1098;0.323;0.2405;0.457;-0.224;rejet_prob;prob 0.110 < seuil 0.323;;;;;;;;;;;;;-0.10495;-0.0132;-0.02046;;;;;0.02046;complet
2026-07-22T11:22:45-04:00;America/New_York;11fa6982d2cf3659;scan;NIO;yahoo;4.695;0.3339;0.323;0.3232;1.033;0.019;rejet_ratio;options déjà chères : ratio 1.03 < 1.5 (p_implicite 0.323);;;;;;;;;;;;;-0.01171;-0.01597;0.01384;;;;;0.01384;complet
2026-07-22T11:22:47-04:00;America/New_York;11fa6982d2cf3659;scan;INTC;yahoo;106.18;0.1589;0.323;0.2793;0.569;-0.077;rejet_prob;prob 0.159 < seuil 0.323;;;;;;;;;;;;;-0.05604;-0.13665;-0.22886;;;;;0.22886;complet
2026-07-22T11:22:47-04:00;America/New_York;11fa6982d2cf3659;scan;PLUG;yahoo;2.3191;0.3735;0.323;0.479;0.78;-0.187;rejet_ratio;options déjà chères : ratio 0.78 < 1.5 (p_implicite 0.479);;;;;;;;;;;;;-0.05567;-0.11172;-0.18072;;;;;0.18072;complet
2026-07-22T11:22:49-04:00;America/New_York;11fa6982d2cf3659;scan;RIVN;yahoo;17.52;0.0189;0.323;0.048;0.394;0.451;rejet_prob;prob 0.019 < seuil 0.323;;;;;;;;;;;;;-0.0605;-0.05936;-0.06792;;;;;-0.06792;complet
2026-07-22T11:22:49-04:00;America/New_York;11fa6982d2cf3659;A;RIVN;yahoo;17.52;0.0189;0.323;0.048;0.394;0.451;rejet_prob;prob 0.019 < seuil 0.323;call;19.0;2026-08-14;23.0;0.82;0.86;0.84;0.7852;0.383;-0.0294;0.0168;86.0;-0.0605;-0.05936;-0.06792;0.36;0.33;0.32;-0.6685;-0.06792;complet
2026-07-22T11:22:49-04:00;America/New_York;11fa6982d2cf3659;scan;LCID;yahoo;7.48;0.0103;0.323;0.078;0.132;0.791;rejet_prob;prob 0.010 < seuil 0.323;;;;;;;;;;;;;-0.1377;-0.13102;0.06417;;;;;0.06417;complet
2026-07-22T11:22:49-04:00;America/New_York;11fa6982d2cf3659;A;LCID;yahoo;7.48;0.0103;0.323;0.078;0.132;0.791;rejet_prob;prob 0.010 < seuil 0.323;call;10.5;2026-08-14;23.0;0.02;1.74;0.88;2.2773;0.381;-0.0357;0.0072;174.0;-0.1377;-0.13102;0.06417;;;;-0.5682;0.06417;complet
2026-07-22T11:22:50-04:00;America/New_York;11fa6982d2cf3659;scan;SNAP;yahoo;4.5315;0.2085;0.323;0.6534;0.319;0.389;rejet_prob;prob 0.208 < seuil 0.323;;;;;;;;;;;;;-0.02681;-0.00254;0.0438;;;;;0.0438;complet
2026-07-22T11:22:50-04:00;America/New_York;11fa6982d2cf3659;A;SNAP;yahoo;4.5315;0.2085;0.323;0.6534;0.319;0.389;rejet_prob;prob 0.208 < seuil 0.323;call;5.0;2026-08-14;23.0;0.24;0.26;0.25;0.9141;0.381;-0.0088;0.0043;26.0;-0.02681;-0.00254;0.0438;0.17;0.28;0.23;-0.02;0.0438;complet
2026-07-22T11:22:51-04:00;America/New_York;11fa6982d2cf3659;scan;WBD;yahoo;25.795;0.1928;0.323;0.6125;0.315;-0.812;rejet_prob;prob 0.193 < seuil 0.323;;;;;;;;;;;;;0.00601;-0.01997;-0.00601;;;;;0.00601;complet
2026-07-22T11:22:51-04:00;America/New_York;11fa6982d2cf3659;A;WBD;yahoo;25.795;0.1928;0.323;0.6125;0.315;-0.812;rejet_prob;prob 0.193 < seuil 0.323;put;25.0;2026-08-14;23.0;0.5;0.81;0.655;0.4482;0.36;-0.0224;0.0242;81.0;0.00601;-0.01997;-0.00601;;0.11;;-0.2079;0.00601;complet
2026-07-22T11:22:51-04:00;America/New_York;11fa6982d2cf3659;scan;VALE;yahoo;14.67;0.3439;0.323;0.5026;0.684;0.149;rejet_ratio;options déjà chères : ratio 0.68 < 1.5 (p_implicite 0.503);;;;;;;;;;;;;0.01091;0.0075;-0.00136;;;;;-0.00136;complet
2026-07-22T11:22:53-04:00;America/New_York;11fa6982d2cf3659;scan;PBR;yahoo;18.895;0.1438;0.323;0.2842;0.506;0.501;rejet_prob;prob 0.144 < seuil 0.323;;;;;;;;;;;;;0.00556;-0.04737;-0.01614;;;;;-0.01614;complet
2026-07-22T11:22:53-04:00;America/New_York;11fa6982d2cf3659;A;PBR;yahoo;18.895;0.1438;0.323;0.2842;0.506;0.501;rejet_prob;prob 0.144 < seuil 0.323;call;19.5;2026-08-14;23.0;0.06;0.53;0.295;0.4053;0.409;-0.0171;0.0184;53.0;0.00556;-0.04737;-0.01614;0.22;0.1;0.29;-0.4346;-0.01614;complet
2026-07-22T11:22:53-04:00;America/New_York;11fa6982d2cf3659;scan;GOLD;yahoo;40.47;0.2323;0.323;0.3049;0.762;-0.036;rejet_prob;prob 0.232 < seuil 0.323;;;;;;;;;;;;;-0.02323;0.01581;-0.00791;;;;;0.00791;complet
2026-07-22T11:22:54-04:00;America/New_York;11fa6982d2cf3659;scan;CLF;yahoo;9.47;0.2922;0.323;0.4346;0.672;0.032;rejet_prob;prob 0.292 < seuil 0.323;;;;;;;;;;;;;0.15734;0.29356;0.20169;;;;;0.20169;complet
2026-07-22T11:22:55-04:00;America/New_York;11fa6982d2cf3659;scan;CCL;yahoo;26.11;0.2055;0.323;0.4314;0.476;-0.52;rejet_prob;prob 0.205 < seuil 0.323;;;;;;;;;;;;;-0.03217;0.03868;0.06511;;;;;-0.06511;complet
2026-07-22T11:22:55-04:00;America/New_York;11fa6982d2cf3659;A;CCL;yahoo;26.11;0.2055;0.323;0.4314;0.476;-0.52;rejet_prob;prob 0.205 < seuil 0.323;put;26.0;2026-08-14;23.0;1.2;1.28;1.24;0.501;0.453;-0.0267;0.026;128.0;-0.03217;0.03868;0.06511;1.02;0.38;0.45;-0.6641;-0.06511;complet
2026-07-22T11:22:56-04:00;America/New_York;11fa6982d2cf3659;scan;RIOT;yahoo;23.025;0.0762;0.323;0.2159;0.353;0.231;rejet_prob;prob 0.076 < seuil 0.323;;;;;;;;;;;;;0.03626;-0.04582;-0.20782;;;;;-0.20782;complet
2026-07-22T11:22:56-04:00;America/New_York;11fa6982d2cf3659;scan;TLRY;yahoo;4.28;0.3251;0.323;0.7114;0.457;0.126;rejet_ratio;options déjà chères : ratio 0.46 < 1.5 (p_implicite 0.711);;;;;;;;;;;;;-0.06776;-0.05841;-0.06776;;;;;-0.06776;complet
2026-07-22T11:22:57-04:00;America/New_York;11fa6982d2cf3659;scan;BAC;yahoo;61.665;0.2151;0.323;0.1645;1.308;0.139;rejet_prob;prob 0.215 < seuil 0.323;;;;;;;;;;;;;-0.00624;0.00754;-0.00965;;;;;-0.00965;complet
2026-07-22T11:22:58-04:00;America/New_York;11fa6982d2cf3659;scan;AGNC;yahoo;10.765;0.2763;0.323;0.134;2.062;0.213;rejet_prob;prob 0.276 < seuil 0.323;;;;;;;;;;;;;-0.01904;-0.01161;0.01254;;;;;0.01254;complet
2026-07-22T11:22:58-04:00;America/New_York;11fa6982d2cf3659;scan;KVUE;yahoo;19.085;0.2244;0.323;0.2694;0.833;0.17;rejet_prob;prob 0.224 < seuil 0.323;;;;;;;;;;;;;-0.00969;0.0207;0.03694;;;;;0.03694;complet
2026-07-23T11:35:42-04:00;America/New_York;11fa6982d2cf3659;scan;AAPL;yahoo;320.86;0.0206;0.323;0.0651;0.316;-0.017;rejet_prob;prob 0.021 < seuil 0.323;;;;;;;;;;;;;0.0379;0.0599;0.03918;;;;;-0.03918;complet
2026-07-23T11:35:43-04:00;America/New_York;11fa6982d2cf3659;scan;NVDA;yahoo;206.91;0.3055;0.323;0.1701;1.796;0.306;rejet_prob;prob 0.305 < seuil 0.323;;;;;;;;;;;;;-0.00034;-0.04785;-0.05737;;;;;-0.05737;complet
2026-07-23T11:35:45-04:00;America/New_York;11fa6982d2cf3659;scan;TSLA;yahoo;320.8944;0.1559;0.323;0.0082;15.59;-0.24;rejet_prob;prob 0.156 < seuil 0.323;;;;;;;;;;;;;-0.02451;-0.04193;-0.03753;;;;;0.03753;complet
2026-07-23T11:35:47-04:00;America/New_York;11fa6982d2cf3659;scan;AMD;yahoo;539.305;0.0983;0.323;0.2096;0.469;0.079;rejet_prob;prob 0.098 < seuil 0.323;;;;;;;;;;;;;-0.03218;-0.15703;-0.09997;;;;;-0.09997;complet
2026-07-23T11:35:48-04:00;America/New_York;11fa6982d2cf3659;scan;META;yahoo;598.28;0.0516;0.323;0.1263;0.409;0.363;rejet_prob;prob 0.052 < seuil 0.323;;;;;;;;;;;;;-0.00516;-0.00814;-0.09903;;;;;-0.09903;complet
2026-07-23T11:35:49-04:00;America/New_York;11fa6982d2cf3659;scan;SPY;yahoo;736.66;0.3495;0.323;0.3022;1.157;-0.394;rejet_ratio;options déjà chères : ratio 1.16 < 1.5 (p_implicite 0.302);;;;;;;;;;;;;0.00308;0.0057;0.00683;;;;;-0.00683;complet
2026-07-23T11:35:51-04:00;America/New_York;11fa6982d2cf3659;scan;QQQ;yahoo;689.71;0.3597;0.323;0.2025;1.776;-0.4;direction_sans_contrat;direction convergente mais aucun contrat de qualité;;;;;;;;;;;;;-0.00795;-0.02062;-0.00893;;;;;0.00893;complet
2026-07-23T11:35:52-04:00;America/New_York;11fa6982d2cf3659;scan;COIN;yahoo;160.25;0.185;0.323;0.2247;0.823;0.389;rejet_prob;prob 0.185 < seuil 0.323;;;;;;;;;;;;;-0.01223;0.04774;0.02078;;;;;0.02078;complet
2026-07-23T11:35:52-04:00;America/New_York;11fa6982d2cf3659;scan;PLTR;yahoo;121.2;0.1201;0.323;0.2836;0.423;0.271;rejet_prob;prob 0.120 < seuil 0.323;;;;;;;;;;;;;0.01419;0.01922;0.00875;;;;;0.00875;complet
2026-07-23T11:35:54-04:00;America/New_York;11fa6982d2cf3659;scan;SOFI;yahoo;16.525;0.1886;0.323;0.368;0.512;0.045;rejet_prob;prob 0.189 < seuil 0.323;;;;;;;;;;;;;-0.00393;0.01301;-0.00333;;;;;-0.00333;complet
2026-07-23T11:35:55-04:00;America/New_York;11fa6982d2cf3659;scan;MARA;yahoo;12.605;0.1272;0.323;0.2436;0.522;-0.083;rejet_prob;prob 0.127 < seuil 0.323;;;;;;;;;;;;;-0.03848;-0.09718;-0.06228;;;;;0.06228;complet
2026-07-23T11:35:56-04:00;America/New_York;11fa6982d2cf3659;scan;F;yahoo;14.0681;0.2501;0.323;0.4111;0.608;0.257;rejet_prob;prob 0.250 < seuil 0.323;;;;;;;;;;;;;0.02146;0.0634;0.05629;;;;;0.05629;complet
2026-07-23T11:35:57-04:00;America/New_York;11fa6982d2cf3659;scan;T;yahoo;22.9501;0.0383;0.323;0.0688;0.557;0.536;rejet_prob;prob 0.038 < seuil 0.323;;;;;;;;;;;;;0.05141;0.07451;0.01132;;;;;0.01132;complet
2026-07-23T11:35:57-04:00;America/New_York;11fa6982d2cf3659;A;T;yahoo;22.9501;0.0383;0.323;0.0688;0.557;0.536;rejet_prob;prob 0.038 < seuil 0.323;call;23.5;2026-08-14;22.0;0.34;0.39;0.365;0.2705;0.389;-0.0143;0.0216;39.0;0.05141;0.07451;0.01132;1.09;;0.44;0.0168;0.01132;complet
2026-07-23T11:35:58-04:00;America/New_York;11fa6982d2cf3659;scan;PFE;yahoo;25.015;0.2585;0.323;0.2534;1.02;0.258;rejet_prob;prob 0.259 < seuil 0.323;;;;;;;;;;;;;-0.01899;0.00939;-0.0042;;;;;-0.0042;complet
2026-07-23T11:35:59-04:00;America/New_York;11fa6982d2cf3659;scan;AAL;yahoo;13.585;0.2004;0.323;0.2111;0.949;-0.37;rejet_prob;prob 0.200 < seuil 0.323;;;;;;;;;;;;;0.06588;0.13066;0.13581;;;;;-0.13581;complet
2026-07-23T11:35:59-04:00;America/New_York;11fa6982d2cf3659;A;AAL;yahoo;13.585;0.2004;0.323;0.2111;0.949;-0.37;rejet_prob;prob 0.200 < seuil 0.323;put;13.5;2026-08-14;22.0;0.56;0.63;0.595;0.4961;0.446;-0.014;0.0132;63.0;0.06588;0.13066;0.13581;0.22;;0.08;-0.9053;-0.13581;complet
2026-07-23T11:35:59-04:00;America/New_York;11fa6982d2cf3659;scan;NIO;yahoo;4.5973;0.2626;0.323;0.3985;0.659;-0.29;rejet_prob;prob 0.263 < seuil 0.323;;;;;;;;;;;;;-0.02334;0.01799;0.05279;;;;;-0.05279;complet
2026-07-23T11:36:01-04:00;America/New_York;11fa6982d2cf3659;scan;INTC;yahoo;100.965;0.133;0.323;0.2668;0.499;-0.164;rejet_prob;prob 0.133 < seuil 0.323;;;;;;;;;;;;;-0.08562;-0.14525;-0.09741;;;;;0.09741;complet
2026-07-23T11:36:01-04:00;America/New_York;11fa6982d2cf3659;scan;PLUG;yahoo;2.22;0.3775;0.323;0.5123;0.737;-0.096;rejet_ratio;options déjà chères : ratio 0.74 < 1.5 (p_implicite 0.512);;;;;;;;;;;;;-0.05856;-0.11712;-0.05856;;;;;0.05856;complet
2026-07-23T11:36:02-04:00;America/New_York;11fa6982d2cf3659;scan;RIVN;yahoo;16.5298;0.0441;0.323;0.056;0.787;0.456;rejet_prob;prob 0.044 < seuil 0.323;;;;;;;;;;;;;-0.04173;0.00969;0.01816;;;;;0.01816;complet
2026-07-23T11:36:02-04:00;America/New_York;11fa6982d2cf3659;A;RIVN;yahoo;16.5298;0.0441;0.323;0.056;0.787;0.456;rejet_prob;prob 0.044 < seuil 0.323;call;18.0;2026-08-14;22.0;0.71;0.83;0.77;0.8018;0.374;-0.0287;0.0154;83.0;-0.04173;0.00969;0.01816;0.7;;0.15;-0.219;0.01816;complet
2026-07-23T11:36:03-04:00;America/New_York;11fa6982d2cf3659;scan;LCID;yahoo;6.285;0.0188;0.323;0.0782;0.24;0.224;rejet_prob;prob 0.019 < seuil 0.323;;;;;;;;;;;;;0.00239;0.25696;0.29196;;;;;0.29196;complet
2026-07-23T11:36:03-04:00;America/New_York;11fa6982d2cf3659;scan;SNAP;yahoo;4.3099;0.2091;0.323;0.6307;0.332;0.126;rejet_prob;prob 0.209 < seuil 0.323;;;;;;;;;;;;;0.0093;0.10675;0.08819;;;;;0.08819;complet
2026-07-23T11:36:04-04:00;America/New_York;11fa6982d2cf3659;scan;WBD;yahoo;26.06;0.1954;0.323;0.7015;0.279;-0.019;rejet_prob;prob 0.195 < seuil 0.323;;;;;;;;;;;;;-0.01113;-0.01727;-0.02264;;;;;0.02264;complet
2026-07-23T11:36:05-04:00;America/New_York;11fa6982d2cf3659;scan;VALE;yahoo;14.955;0.1991;0.323;0.433;0.46;0.384;rejet_prob;prob 0.199 < seuil 0.323;;;;;;;;;;;;;-0.01103;-0.01705;0.00234;;;;;0.00234;complet
2026-07-23T11:36:05-04:00;America/New_York;11fa6982d2cf3659;A;VALE;yahoo;14.955;0.1991;0.323;0.433;0.46;0.384;rejet_prob;prob 0.199 < seuil 0.323;call;15.0;2026-08-14;22.0;0.5;0.63;0.565;0.4356;0.52;-0.0154;0.0146;63.0;-0.01103;-0.01705;0.00234;0.23;;0.27;-0.1484;0.00234;complet
2026-07-23T11:36:07-04:00;America/New_York;11fa6982d2cf3659;scan;PBR;yahoo;19.245;0.1632;0.323;0.4914;0.332;0.651;rejet_prob;prob 0.163 < seuil 0.323;;;;;;;;;;;;;-0.02468;-0.06105;-0.0065;;;;;-0.0065;complet
2026-07-23T11:36:07-04:00;America/New_York;11fa6982d2cf3659;A;PBR;yahoo;19.245;0.1632;0.323;0.4914;0.332;0.651;rejet_prob;prob 0.163 < seuil 0.323;call;20.0;2026-08-14;22.0;0.36;0.75;0.555;0.5527;0.422;-0.0241;0.0185;75.0;-0.02468;-0.06105;-0.0065;;;0.23;-0.3128;-0.0065;complet
2026-07-23T11:36:07-04:00;America/New_York;11fa6982d2cf3659;scan;GOLD;yahoo;39.45;0.1482;0.323;0.3171;0.467;0.056;rejet_prob;prob 0.148 < seuil 0.323;;;;;;;;;;;;;-0.00253;0.03422;0.06667;;;;;0.06667;complet
2026-07-23T11:36:08-04:00;America/New_York;11fa6982d2cf3659;scan;CLF;yahoo;10.945;0.1206;0.323;0.0907;1.33;0.765;rejet_prob;prob 0.121 < seuil 0.323;;;;;;;;;;;;;0.09;0.09456;0.06259;;;;;0.06259;complet
2026-07-23T11:36:08-04:00;America/New_York;11fa6982d2cf3659;A;CLF;yahoo;10.945;0.1206;0.323;0.0907;1.33;0.765;rejet_prob;prob 0.121 < seuil 0.323;call;11.5;2026-08-14;22.0;0.45;0.53;0.49;0.6543;0.417;-0.0161;0.0105;53.0;0.09;0.09456;0.06259;0.89;;0.68;0.301;0.06259;complet
2026-07-23T11:36:09-04:00;America/New_York;11fa6982d2cf3659;scan;CCL;yahoo;25.265;0.2103;0.323;0.392;0.536;-0.248;rejet_prob;prob 0.210 < seuil 0.323;;;;;;;;;;;;;0.04215;0.11736;0.09915;;;;;-0.09915;complet
2026-07-23T11:36:09-04:00;America/New_York;11fa6982d2cf3659;scan;RIOT;yahoo;24.3;0.0466;0.323;0.2439;0.191;0.06;rejet_prob;prob 0.047 < seuil 0.323;;;;;;;;;;;;;-0.07284;-0.12593;-0.08971;;;;;-0.08971;complet
2026-07-23T11:36:10-04:00;America/New_York;11fa6982d2cf3659;scan;TLRY;yahoo;3.955;0.2576;0.323;0.6871;0.375;0.044;rejet_prob;prob 0.258 < seuil 0.323;;;;;;;;;;;;;-0.01896;0.01896;0.06195;;;;;0.06195;complet
2026-07-23T11:36:11-04:00;America/New_York;11fa6982d2cf3659;scan;BAC;yahoo;60.745;0.2176;0.323;0.1633;1.333;0.06;rejet_prob;prob 0.218 < seuil 0.323;;;;;;;;;;;;;0.02148;0.03087;0.01622;;;;;0.01622;complet
2026-07-23T11:36:12-04:00;America/New_York;11fa6982d2cf3659;scan;AGNC;yahoo;10.5067;0.1959;0.323;0.1196;1.638;0.11;rejet_prob;prob 0.196 < seuil 0.323;;;;;;;;;;;;;0.00793;0.05361;0.03934;;;;;0.03934;complet
2026-07-23T11:36:12-04:00;America/New_York;11fa6982d2cf3659;scan;KVUE;yahoo;18.8864;0.2233;0.323;0.333;0.671;0.176;rejet_prob;prob 0.223 < seuil 0.323;;;;;;;;;;;;;0.02084;0.04573;0.02243;;;;;0.02243;complet
2026-07-24T11:16:34-04:00;America/New_York;11fa6982d2cf3659;scan;AAPL;yahoo;328.8792;0.0712;0.323;0.188;0.379;0.361;rejet_prob;prob 0.071 < seuil 0.323;;;;;;;;;;;;;0.02442;0.02831;-0.06072;;;;;-0.06072;complet
2026-07-24T11:16:35-04:00;America/New_York;11fa6982d2cf3659;scan;NVDA;yahoo;208.02;0.2932;0.323;0.1778;1.649;0.329;rejet_prob;prob 0.293 < seuil 0.323;;;;;;;;;;;;;-0.05533;-0.08658;-0.03495;;;;;-0.03495;complet
2026-07-24T11:16:35-04:00;America/New_York;11fa6982d2cf3659;A;NVDA;yahoo;208.02;0.2932;0.323;0.1778;1.649;0.329;rejet_prob;prob 0.293 < seuil 0.323;call;217.5;2026-08-07;14.0;2.52;2.56;2.54;0.3591;0.283;-0.1838;0.1379;256.0;-0.05533;-0.08658;-0.03495;0.53;0.23;0.77;-0.9044;-0.03495;complet
2026-07-24T11:16:35-04:00;America/New_York;11fa6982d2cf3659;scan;TSLA;yahoo;312.71;0.3103;0.323;0.0087;31.03;-0.476;rejet_prob;prob 0.310 < seuil 0.323;;;;;;;;;;;;;-0.01116;-0.04602;-0.0048;;;;;0.0048;complet
2026-07-24T11:16:36-04:00;America/New_York;11fa6982d2cf3659;scan;AMD;yahoo;526.38;0.1068;0.323;0.2203;0.485;0.036;rejet_prob;prob 0.107 < seuil 0.323;;;;;;;;;;;;;-0.05971;-0.18394;-0.09543;;;;;-0.09543;complet
2026-07-24T11:16:37-04:00;America/New_York;11fa6982d2cf3659;scan;META;yahoo;606.125;0.0471;0.323;0.1327;0.355;0.467;rejet_prob;prob 0.047 < seuil 0.323;;;;;;;;;;;;;-0.02022;-0.03385;-0.08153;;;;;-0.08153;complet
2026-07-24T11:16:38-04:00;America/New_York;11fa6982d2cf3659;scan;SPY;yahoo;738.25;0.3252;0.323;0.2637;1.233;-0.258;rejet_ratio;options déjà chères : ratio 1.23 < 1.5 (p_implicite 0.264);;;;;;;;;;;;;0.00114;-0.01191;0.01189;;;;;-0.01189;complet
2026-07-24T11:16:39-04:00;America/New_York;11fa6982d2cf3659;scan;QQQ;yahoo;686.11;0.3959;0.323;0.1922;2.06;-0.523;direction_sans_contrat;direction convergente mais aucun contrat de qualité;;;;;;;;;;;;;-0.00582;-0.03553;0.00274;;;;;-0.00274;complet
2026-07-24T11:16:39-04:00;America/New_York;11fa6982d2cf3659;C;QQQ;yahoo;686.11;0.3959;0.323;0.1922;2.06;-0.523;controle_aleatoire;contrôle apparié, direction aléatoire hausse;;;;;;;;;;;;;-0.00582;-0.03553;0.00274;;;;;-0.00274;complet
2026-07-24T11:16:40-04:00;America/New_York;11fa6982d2cf3659;scan;COIN;yahoo;154.82;0.2994;0.323;0.2305;1.299;0.178;rejet_prob;prob 0.299 < seuil 0.323;;;;;;;;;;;;;0.08184;0.03404;-0.05529;;;;;-0.05529;complet
2026-07-24T11:16:40-04:00;America/New_York;11fa6982d2cf3659;scan;PLTR;yahoo;123.1169;0.164;0.323;0.313;0.524;0.544;rejet_prob;prob 0.164 < seuil 0.323;;;;;;;;;;;;;0.06833;-0.00095;-0.00046;;;;;-0.00046;complet
2026-07-24T11:16:41-04:00;America/New_York;11fa6982d2cf3659;scan;SOFI;yahoo;16.38;0.1757;0.323;0.3525;0.498;0.012;rejet_prob;prob 0.176 < seuil 0.323;;;;;;;;;;;;;0.03052;-0.06899;-0.00427;;;;;-0.00427;complet
2026-07-24T11:16:42-04:00;America/New_York;11fa6982d2cf3659;scan;MARA;yahoo;12.35;0.1525;0.323;0.209;0.73;-0.24;rejet_prob;prob 0.152 < seuil 0.323;;;;;;;;;;;;;-0.04696;-0.18623;-0.0834;;;;;0.0834;complet
2026-07-24T11:16:42-04:00;America/New_York;11fa6982d2cf3659;scan;F;yahoo;14.335;0.2387;0.323;0.4433;0.538;0.542;rejet_prob;prob 0.239 < seuil 0.323;;;;;;;;;;;;;0.02407;0.06592;0.02407;;;;;0.02407;complet
2026-07-24T11:16:42-04:00;America/New_York;11fa6982d2cf3659;A;F;yahoo;14.335;0.2387;0.323;0.4433;0.538;0.542;rejet_prob;prob 0.239 < seuil 0.323;call;15.0;2026-08-21;28.0;0.36;0.39;0.375;0.4063;0.376;-0.0115;0.0151;39.0;0.02407;0.06592;0.02407;0.62;0.36;0.24;0.1442;0.02407;complet
2026-07-24T11:16:43-04:00;America/New_York;11fa6982d2cf3659;scan;T;yahoo;23.6585;0.0376;0.323;0.0636;0.591;0.424;rejet_prob;prob 0.038 < seuil 0.323;;;;;;;;;;;;;0.03219;0.0119;-0.01727;;;;;-0.01727;complet
2026-07-24T11:16:43-04:00;America/New_York;11fa6982d2cf3659;A;T;yahoo;23.6585;0.0376;0.323;0.0636;0.591;0.424;rejet_prob;prob 0.038 < seuil 0.323;call;24.5;2026-08-21;28.0;0.3;0.37;0.335;0.2637;0.346;-0.0123;0.0242;37.0;0.03219;0.0119;-0.01727;0.84;0.17;0.21;-0.499;-0.01727;complet
2026-07-24T11:16:44-04:00;America/New_York;11fa6982d2cf3659;scan;PFE;yahoo;24.665;0.277;0.323;0.2232;1.241;0.223;rejet_prob;prob 0.277 < seuil 0.323;;;;;;;;;;;;;0.0002;0.01966;0.01399;;;;;0.01399;complet
2026-07-24T11:16:44-04:00;America/New_York;11fa6982d2cf3659;scan;AAL;yahoo;13.885;0.1575;0.323;0.1868;0.843;-0.499;rejet_prob;prob 0.158 < seuil 0.323;;;;;;;;;;;;;0.0767;0.06878;0.09975;;;;;-0.09975;complet
2026-07-24T11:16:44-04:00;America/New_York;11fa6982d2cf3659;A;AAL;yahoo;13.885;0.1575;0.323;0.1868;0.843;-0.499;rejet_prob;prob 0.158 < seuil 0.323;put;13.5;2026-08-21;28.0;0.53;0.57;0.55;0.4854;0.381;-0.012;0.0147;57.0;0.0767;0.06878;0.09975;0.19;0.17;0.06;-0.7913;-0.09975;complet
2026-07-24T11:16:45-04:00;America/New_York;11fa6982d2cf3659;scan;NIO;yahoo;4.52;0.3004;0.323;0.366;0.821;0.14;rejet_prob;prob 0.300 < seuil 0.323;;;;;;;;;;;;;0.02212;0.0531;0.07965;;;;;0.07965;complet
2026-07-24T11:16:45-04:00;America/New_York;11fa6982d2cf3659;scan;INTC;yahoo;96.45;0.2228;0.323;0.1604;1.389;-0.216;rejet_prob;prob 0.223 < seuil 0.323;;;;;;;;;;;;;-0.04956;-0.15106;-0.0648;;;;;0.0648;complet
2026-07-24T11:16:46-04:00;America/New_York;11fa6982d2cf3659;scan;PLUG;yahoo;2.115;0.4919;0.323;0.502;0.98;-0.098;rejet_ratio;options déjà chères : ratio 0.98 < 1.5 (p_implicite 0.502);;;;;;;;;;;;;-0.026;-0.10165;-0.026;;;;;0.026;complet
2026-07-24T11:16:46-04:00;America/New_York;11fa6982d2cf3659;scan;RIVN;yahoo;16.115;0.0241;0.323;0.035;0.689;0.321;rejet_prob;prob 0.024 < seuil 0.323;;;;;;;;;;;;;0.02265;0.01334;-0.05554;;;;;-0.05554;complet
2026-07-24T11:16:46-04:00;America/New_York;11fa6982d2cf3659;A;RIVN;yahoo;16.115;0.0241;0.323;0.035;0.689;0.321;rejet_prob;prob 0.024 < seuil 0.323;call;17.5;2026-08-21;28.0;0.91;1.01;0.96;0.8252;0.409;-0.0262;0.0173;101.0;0.02265;0.01334;-0.05554;0.85;0.78;0.22;-0.5388;-0.05554;complet
2026-07-24T11:16:47-04:00;America/New_York;11fa6982d2cf3659;scan;LCID;yahoo;6.465;0.0129;0.323;0.0407;0.317;0.401;rejet_prob;prob 0.013 < seuil 0.323;;;;;;;;;;;;;0.00541;0.23125;0.14153;;;;;0.14153;complet
2026-07-24T11:16:47-04:00;America/New_York;11fa6982d2cf3659;A;LCID;yahoo;6.465;0.0129;0.323;0.0407;0.317;0.401;rejet_prob;prob 0.013 < seuil 0.323;call;7.0;2026-08-14;21.0;0.25;0.62;0.435;1.0176;0.423;-0.015;0.0061;62.0;0.00541;0.23125;0.14153;0.37;0.91;0.88;0.2701;0.14153;complet
2026-07-24T11:16:47-04:00;America/New_York;11fa6982d2cf3659;scan;SNAP;yahoo;4.3663;0.1591;0.323;0.678;0.235;0.273;rejet_prob;prob 0.159 < seuil 0.323;;;;;;;;;;;;;0.0352;0.0833;0.07414;;;;;0.07414;complet
2026-07-24T11:16:48-04:00;America/New_York;11fa6982d2cf3659;scan;WBD;yahoo;26.205;0.2193;0.323;0.5972;0.367;0.039;rejet_prob;prob 0.219 < seuil 0.323;;;;;;;;;;;;;-0.0353;-0.02156;0.00363;;;;;0.00363;complet
2026-07-24T11:16:48-04:00;America/New_York;11fa6982d2cf3659;scan;VALE;yahoo;14.7901;0.1837;0.323;0.3985;0.461;-0.04;rejet_prob;prob 0.184 < seuil 0.323;;;;;;;;;;;;;-0.00068;-0.00947;0.01825;;;;;-0.01825;complet
2026-07-24T11:16:49-04:00;America/New_York;11fa6982d2cf3659;scan;PBR;yahoo;19.115;0.1966;0.323;0.3436;0.572;0.606;rejet_prob;prob 0.197 < seuil 0.323;;;;;;;;;;;;;-0.05833;-0.02747;0.01491;;;;;0.01491;complet
2026-07-24T11:16:49-04:00;America/New_York;11fa6982d2cf3659;A;PBR;yahoo;19.115;0.1966;0.323;0.3436;0.572;0.606;rejet_prob;prob 0.197 < seuil 0.323;call;20.0;2026-08-21;28.0;0.38;0.4;0.39;0.3467;0.349;-0.0129;0.0196;40.0;-0.05833;-0.02747;0.01491;0.13;0.25;0.28;0.0367;0.01491;complet
2026-07-24T11:16:49-04:00;America/New_York;11fa6982d2cf3659;scan;GOLD;yahoo;39.445;0.162;0.323;0.2401;0.675;0.332;rejet_prob;prob 0.162 < seuil 0.323;;;;;;;;;;;;;0.04221;0.01787;0.04855;;;;;0.04855;complet
2026-07-24T11:16:49-04:00;America/New_York;11fa6982d2cf3659;A;GOLD;yahoo;39.445;0.162;0.323;0.2401;0.675;0.332;rejet_prob;prob 0.162 < seuil 0.323;call;40.0;2026-08-21;28.0;1.4;2.1;1.75;0.5303;0.501;-0.0434;0.0436;210.0;0.04221;0.01787;0.04855;1.7;2.2;2.2;0.3686;0.04855;complet
2026-07-24T11:16:50-04:00;America/New_York;11fa6982d2cf3659;scan;CLF;yahoo;11.21;0.1452;0.323;0.1101;1.319;0.246;rejet_prob;prob 0.145 < seuil 0.323;;;;;;;;;;;;;0.09277;0.01517;0.02765;;;;;0.02765;complet
2026-07-24T11:16:51-04:00;America/New_York;11fa6982d2cf3659;scan;CCL;yahoo;26.185;0.2868;0.323;0.3223;0.89;-0.385;rejet_prob;prob 0.287 < seuil 0.323;;;;;;;;;;;;;0.03571;0.06206;0.06206;;;;;-0.06206;complet
2026-07-24T11:16:51-04:00;America/New_York;11fa6982d2cf3659;A;CCL;yahoo;26.185;0.2868;0.323;0.3223;0.89;-0.385;rejet_prob;prob 0.287 < seuil 0.323;put;25.5;2026-08-21;28.0;1.0;1.33;1.165;0.5107;0.389;-0.024;0.0278;133.0;0.03571;0.06206;0.06206;0.41;0.46;0.23;-0.6673;-0.06206;complet
2026-07-24T11:16:51-04:00;America/New_York;11fa6982d2cf3659;scan;RIOT;yahoo;23.1;0.0561;0.323;0.2158;0.26;0.018;rejet_prob;prob 0.056 < seuil 0.323;;;;;;;;;;;;;-0.04892;-0.21039;-0.12684;;;;;-0.12684;complet
2026-07-24T11:16:52-04:00;America/New_York;11fa6982d2cf3659;scan;TLRY;yahoo;3.905;0.2364;0.323;0.5374;0.44;-0.132;rejet_prob;prob 0.236 < seuil 0.323;;;;;;;;;;;;;0.03201;0.02177;0.16261;;;;;-0.16261;complet
2026-07-24T11:16:52-04:00;America/New_York;11fa6982d2cf3659;scan;BAC;yahoo;61.81;0.1531;0.323;0.1581;0.968;0.457;rejet_prob;prob 0.153 < seuil 0.323;;;;;;;;;;;;;0.00518;-0.01197;0.00227;;;;;0.00227;complet
2026-07-24T11:16:52-04:00;America/New_York;11fa6982d2cf3659;A;BAC;yahoo;61.81;0.1531;0.323;0.1581;0.968;0.457;rejet_prob;prob 0.153 < seuil 0.323;call;63.0;2026-08-21;28.0;0.96;1.04;1.0;0.2227;0.412;-0.0295;0.0666;104.0;0.00518;-0.01197;0.00227;1.17;0.65;0.81;-0.1031;0.00227;complet
2026-07-24T11:16:53-04:00;America/New_York;11fa6982d2cf3659;scan;AGNC;yahoo;10.5785;0.2295;0.323;0.1231;1.864;-0.473;rejet_prob;prob 0.230 < seuil 0.323;;;;;;;;;;;;;0.00581;0.03039;0.0077;;;;;-0.0077;complet
2026-07-24T11:16:53-04:00;America/New_York;11fa6982d2cf3659;A;AGNC;yahoo;10.5785;0.2295;0.323;0.1231;1.864;-0.473;rejet_prob;prob 0.230 < seuil 0.323;put;10.5;2026-08-21;28.0;0.22;0.25;0.235;0.2422;0.422;-0.0044;0.0115;25.0;0.00581;0.03039;0.0077;0.1;0.11;0.11;-0.3497;-0.0077;complet
2026-07-24T11:16:53-04:00;America/New_York;11fa6982d2cf3659;scan;KVUE;yahoo;19.105;0.2637;0.323;0.6281;0.42;-0.198;rejet_prob;prob 0.264 < seuil 0.323;;;;;;;;;;;;;0.01963;0.03585;0.00707;;;;;-0.00707;complet
2026-07-27T12:02:48-04:00;America/New_York;11fa6982d2cf3659;scan;AAPL;yahoo;337.445;0.0961;0.323;0.162;0.593;0.442;rejet_prob;prob 0.096 < seuil 0.323;;;;;;;;;;;;;0.00781;-0.0119;-0.10083;;;;;-0.10083;complet
2026-07-27T12:02:49-04:00;America/New_York;11fa6982d2cf3659;scan;NVDA;yahoo;197.72;0.3309;0.323;0.1738;1.904;0.011;signal_sans_direction;mouvement probable mais aucune direction claire : pas de trade;;;;;;;;;;;;;-0.00359;-0.01355;0.04511;;;;;0.04511;complet
2026-07-27T12:02:50-04:00;America/New_York;11fa6982d2cf3659;scan;TSLA;yahoo;308.77;0.4486;0.323;0.0093;44.86;-0.29;signal_sans_direction;mouvement probable mais aucune direction claire : pas de trade;;;;;;;;;;;;;-0.00431;0.00026;0.04311;;;;;-0.04311;complet
2026-07-27T12:02:51-04:00;America/New_York;11fa6982d2cf3659;scan;AMD;yahoo;483.35;0.1921;0.323;0.1595;1.204;-0.298;rejet_prob;prob 0.192 < seuil 0.323;;;;;;;;;;;;;-0.05944;0.00422;0.00267;;;;;-0.00267;complet
2026-07-27T12:02:52-04:00;America/New_York;11fa6982d2cf3659;scan;META;yahoo;600.9;0.0583;0.323;0.1154;0.505;0.357;rejet_prob;prob 0.058 < seuil 0.323;;;;;;;;;;;;;-0.01246;-0.10296;-0.01774;;;;;-0.01774;complet
2026-07-27T12:02:54-04:00;America/New_York;11fa6982d2cf3659;scan;SPY;yahoo;737.515;0.3424;0.323;0.3183;1.076;-0.579;rejet_ratio;options déjà chères : ratio 1.08 < 1.5 (p_implicite 0.318);;;;;;;;;;;;;0.00454;0.00566;0.02733;;;;;-0.02733;complet
2026-07-27T12:02:55-04:00;America/New_York;11fa6982d2cf3659;scan;QQQ;yahoo;679.13;0.4459;0.323;0.207;2.154;-0.533;direction_sans_contrat;direction convergente mais aucun contrat de qualité;;;;;;;;;;;;;-0.00536;0.00651;0.03083;;;;;-0.03083;complet
2026-07-27T12:02:56-04:00;America/New_York;11fa6982d2cf3659;scan;COIN;yahoo;162.33;0.1806;0.323;0.2542;0.71;0.372;rejet_prob;prob 0.181 < seuil 0.323;;;;;;;;;;;;;0.03431;0.0077;-0.09752;;;;;-0.09752;complet
2026-07-27T12:02:57-04:00;America/New_York;11fa6982d2cf3659;scan;PLTR;yahoo;129.505;0.1644;0.323;0.3358;0.49;0.4;rejet_prob;prob 0.164 < seuil 0.323;;;;;;;;;;;;;-0.04614;-0.05594;-0.02977;;;;;-0.02977;complet
2026-07-27T12:02:58-04:00;America/New_York;11fa6982d2cf3659;scan;SOFI;yahoo;16.93;0.2598;0.323;0.3799;0.684;0.044;rejet_prob;prob 0.260 < seuil 0.323;;;;;;;;;;;;;-0.01122;-0.02717;0.06497;;;;;0.06497;complet
2026-07-27T12:02:59-04:00;America/New_York;11fa6982d2cf3659;scan;MARA;yahoo;11.46;0.2506;0.323;0.2198;1.14;-0.032;rejet_prob;prob 0.251 < seuil 0.323;;;;;;;;;;;;;-0.00698;0.03141;0.02531;;;;;-0.02531;complet
2026-07-27T12:03:00-04:00;America/New_York;11fa6982d2cf3659;scan;F;yahoo;14.365;0.1961;0.323;0.456;0.43;0.309;rejet_prob;prob 0.196 < seuil 0.323;;;;;;;;;;;;;0.04142;0.03446;0.00452;;;;;0.00452;complet
2026-07-27T12:03:01-04:00;America/New_York;11fa6982d2cf3659;scan;T;yahoo;24.425;0.0374;0.323;0.0244;1.533;0.647;rejet_prob;prob 0.037 < seuil 0.323;;;;;;;;;;;;;0.00962;-0.04974;-0.03419;;;;;-0.03419;complet
2026-07-27T12:03:01-04:00;America/New_York;11fa6982d2cf3659;A;T;yahoo;24.425;0.0374;0.323;0.0244;1.533;0.647;rejet_prob;prob 0.037 < seuil 0.323;call;25.0;2026-08-21;25.0;0.41;0.44;0.425;0.2622;0.397;-0.0141;0.0247;44.0;0.00962;-0.04974;-0.03419;;0.12;0.08;-0.711;-0.03419;complet
2026-07-27T12:03:02-04:00;America/New_York;11fa6982d2cf3659;scan;PFE;yahoo;24.7552;0.3045;0.323;0.2643;1.152;0.513;rejet_prob;prob 0.304 < seuil 0.323;;;;;;;;;;;;;0.01999;0.00625;0.0111;;;;;0.0111;complet
2026-07-27T12:03:02-04:00;America/New_York;11fa6982d2cf3659;A;PFE;yahoo;24.7552;0.3045;0.323;0.2643;1.152;0.513;rejet_prob;prob 0.304 < seuil 0.323;call;25.5;2026-08-21;25.0;0.38;0.4;0.39;0.2656;0.364;-0.014;0.0243;40.0;0.01999;0.00625;0.0111;;0.4;0.47;0.0244;0.0111;complet
2026-07-27T12:03:03-04:00;America/New_York;11fa6982d2cf3659;scan;AAL;yahoo;14.645;0.1079;0.323;0.1213;0.89;-0.093;rejet_prob;prob 0.108 < seuil 0.323;;;;;;;;;;;;;0.04882;0.0536;0.09525;;;;;-0.09525;complet
2026-07-27T12:03:03-04:00;America/New_York;11fa6982d2cf3659;scan;NIO;yahoo;4.585;0.3469;0.323;0.3585;0.968;0.156;rejet_ratio;options déjà chères : ratio 0.97 < 1.5 (p_implicite 0.358);;;;;;;;;;;;;0.02072;0.05562;0.04907;;;;;0.04907;complet
2026-07-27T12:03:04-04:00;America/New_York;11fa6982d2cf3659;scan;INTC;yahoo;89.13;0.2244;0.323;0.144;1.558;-0.296;rejet_prob;prob 0.224 < seuil 0.323;;;;;;;;;;;;;-0.03175;0.02244;0.02098;;;;;-0.02098;complet
2026-07-27T12:03:05-04:00;America/New_York;11fa6982d2cf3659;scan;PLUG;yahoo;2.065;0.4597;0.323;0.4867;0.945;-0.04;rejet_ratio;options déjà chères : ratio 0.94 < 1.5 (p_implicite 0.487);;;;;;;;;;;;;-0.05085;0.01211;0.00726;;;;;-0.00726;complet
2026-07-27T12:03:06-04:00;America/New_York;11fa6982d2cf3659;scan;RIVN;yahoo;16.58;0.037;0.323;0.0405;0.914;0.347;rejet_prob;prob 0.037 < seuil 0.323;;;;;;;;;;;;;0.00663;0.01508;-0.07388;;;;;-0.07388;complet
2026-07-27T12:03:06-04:00;America/New_York;11fa6982d2cf3659;A;RIVN;yahoo;16.58;0.037;0.323;0.0405;0.914;0.347;rejet_prob;prob 0.037 < seuil 0.323;call;18.0;2026-08-21;25.0;0.84;0.87;0.855;0.793;0.391;-0.0271;0.0167;87.0;0.00663;0.01508;-0.07388;;0.25;0.19;-0.6569;-0.07388;complet
2026-07-27T12:03:07-04:00;America/New_York;11fa6982d2cf3659;scan;LCID;yahoo;6.335;0.0124;0.323;0.0673;0.184;0.2;rejet_prob;prob 0.012 < seuil 0.323;;;;;;;;;;;;;0.24704;0.28177;0.21547;;;;;0.21547;complet
2026-07-27T12:03:08-04:00;America/New_York;11fa6982d2cf3659;scan;SNAP;yahoo;4.495;0.2208;0.323;0.6623;0.333;0.349;rejet_prob;prob 0.221 < seuil 0.323;;;;;;;;;;;;;0.06118;0.04338;0.12125;;;;;0.12125;complet
2026-07-27T12:03:08-04:00;America/New_York;11fa6982d2cf3659;A;SNAP;yahoo;4.495;0.2208;0.323;0.6623;0.333;0.349;rejet_prob;prob 0.221 < seuil 0.323;call;5.0;2026-08-21;25.0;0.24;0.25;0.245;0.8984;0.374;-0.0082;0.0045;25.0;0.06118;0.04338;0.12125;;0.23;0.82;0.698;0.12125;complet
2026-07-27T12:03:09-04:00;America/New_York;11fa6982d2cf3659;scan;WBD;yahoo;25.585;0.1885;0.323;0.7422;0.254;-0.255;rejet_prob;prob 0.189 < seuil 0.323;;;;;;;;;;;;;0.00098;-0.00449;0.01974;;;;;-0.01974;complet
2026-07-27T12:03:10-04:00;America/New_York;11fa6982d2cf3659;scan;VALE;yahoo;14.66;0.2171;0.323;0.2335;0.93;0.364;rejet_prob;prob 0.217 < seuil 0.323;;;;;;;;;;;;;0.00273;0.02251;-0.00546;;;;;-0.00546;complet
2026-07-27T12:03:10-04:00;America/New_York;11fa6982d2cf3659;A;VALE;yahoo;14.66;0.2171;0.323;0.2335;0.93;0.364;rejet_prob;prob 0.217 < seuil 0.323;call;15.0;2026-08-21;25.0;0.31;0.33;0.32;0.3047;0.417;-0.0098;0.015;33.0;0.00273;0.02251;-0.00546;;0.3;0.25;-0.2885;-0.00546;complet
2026-07-27T12:03:10-04:00;America/New_York;11fa6982d2cf3659;C;VALE;yahoo;14.66;0.2171;0.323;0.2335;0.93;0.364;controle_aleatoire;contrôle apparié, direction aléatoire baisse;put;14.5;2026-08-21;25.0;0.57;0.62;0.595;0.4492;0.429;-0.0127;0.0151;62.0;0.00273;0.02251;-0.00546;;0.4;0.37;-0.1558;-0.00546;complet
2026-07-27T12:03:11-04:00;America/New_York;11fa6982d2cf3659;scan;PBR;yahoo;18.255;0.1835;0.323;0.3022;0.607;0.598;rejet_prob;prob 0.183 < seuil 0.323;;;;;;;;;;;;;-0.01013;0.04738;0.0441;;;;;0.0441;complet
2026-07-27T12:03:11-04:00;America/New_York;11fa6982d2cf3659;A;PBR;yahoo;18.255;0.1835;0.323;0.3022;0.607;0.598;rejet_prob;prob 0.183 < seuil 0.323;call;19.0;2026-08-21;25.0;0.36;0.39;0.375;0.3535;0.362;-0.0134;0.0179;39.0;-0.01013;0.04738;0.0441;;0.64;0.42;0.6605;0.0441;complet
2026-07-27T12:03:11-04:00;America/New_York;11fa6982d2cf3659;scan;GOLD;yahoo;40.07;0.1921;0.323;0.2471;0.777;0.243;rejet_prob;prob 0.192 < seuil 0.323;;;;;;;;;;;;;0.01822;0.05016;0.05141;;;;;0.05141;complet
2026-07-27T12:03:12-04:00;America/New_York;11fa6982d2cf3659;scan;CLF;yahoo;11.76;0.1565;0.323;0.0999;1.567;0.541;rejet_prob;prob 0.157 < seuil 0.323;;;;;;;;;;;;;0.01871;-0.01105;-0.04592;;;;;-0.04592;complet
2026-07-27T12:03:12-04:00;America/New_York;11fa6982d2cf3659;A;CLF;yahoo;11.76;0.1565;0.323;0.0999;1.567;0.541;rejet_prob;prob 0.157 < seuil 0.323;call;12.5;2026-08-21;25.0;0.56;0.63;0.595;0.7119;0.414;-0.0176;0.012;63.0;0.01871;-0.01105;-0.04592;;0.41;0.44;-0.5542;-0.04592;complet
2026-07-27T12:03:13-04:00;America/New_York;11fa6982d2cf3659;scan;CCL;yahoo;26.765;0.2828;0.323;0.3523;0.803;-0.076;rejet_prob;prob 0.283 < seuil 0.323;;;;;;;;;;;;;0.05474;0.03755;0.07379;;;;;-0.07379;complet
2026-07-27T12:03:14-04:00;America/New_York;11fa6982d2cf3659;scan;RIOT;yahoo;21.23;0.1114;0.323;0.203;0.549;-0.048;rejet_prob;prob 0.111 < seuil 0.323;;;;;;;;;;;;;0.00047;0.04192;0.00895;;;;;-0.00895;complet
2026-07-27T12:03:15-04:00;America/New_York;11fa6982d2cf3659;scan;TLRY;yahoo;3.955;0.2615;0.323;0.6814;0.384;-0.049;rejet_prob;prob 0.262 < seuil 0.323;;;;;;;;;;;;;0.01896;0.06195;0.1732;;;;;-0.1732;complet
2026-07-27T12:03:16-04:00;America/New_York;11fa6982d2cf3659;scan;BAC;yahoo;62.142;0.1967;0.323;0.1736;1.133;0.489;rejet_prob;prob 0.197 < seuil 0.323;;;;;;;;;;;;;0.00769;-0.00663;0.00544;;;;;0.00544;complet
2026-07-27T12:03:16-04:00;America/New_York;11fa6982d2cf3659;A;BAC;yahoo;62.142;0.1967;0.323;0.1736;1.133;0.489;rejet_prob;prob 0.197 < seuil 0.323;call;63.0;2026-08-21;25.0;1.15;1.2;1.175;0.2385;0.445;-0.0339;0.0643;120.0;0.00769;-0.00663;0.00544;;0.87;1.4;-0.0479;0.00544;complet
2026-07-27T12:03:16-04:00;America/New_York;11fa6982d2cf3659;scan;AGNC;yahoo;10.6163;0.1539;0.323;0.1663;0.925;-0.174;rejet_prob;prob 0.154 < seuil 0.323;;;;;;;;;;;;;0.04274;0.02861;0.00223;;;;;-0.00223;complet
2026-07-27T12:03:17-04:00;America/New_York;11fa6982d2cf3659;scan;KVUE;yahoo;19.38;0.2041;0.323;0.7452;0.274;0.171;rejet_prob;prob 0.204 < seuil 0.323;;;;;;;;;;;;;0.01909;-0.00361;-0.01909;;;;;-0.01909;complet
2026-07-28T11:54:09-04:00;America/New_York;11fa6982d2cf3659;scan;AAPL;yahoo;339.51;0.0821;0.323;0.1589;0.517;0.489;rejet_prob;prob 0.082 < seuil 0.323;;;;;;;;;;;;;-0.00389;-0.09013;-0.08875;;;;;-0.08875;complet
2026-07-28T11:54:09-04:00;America/New_York;11fa6982d2cf3659;scan;NVDA;yahoo;198.23;0.2161;0.323;0.1366;1.582;0.02;rejet_prob;prob 0.216 < seuil 0.323;;;;;;;;;;;;;-0.04147;0.01271;0.06916;;;;;0.06916;complet
2026-07-28T11:54:10-04:00;America/New_York;11fa6982d2cf3659;scan;TSLA;yahoo;308.6199;0.2529;0.323;0.015;16.86;-0.37;rejet_prob;prob 0.253 < seuil 0.323;;;;;;;;;;;;;-0.03337;0.00839;0.06069;;;;;-0.06069;complet
2026-07-28T11:54:11-04:00;America/New_York;11fa6982d2cf3659;scan;AMD;yahoo;463.9201;0.1951;0.323;0.1559;1.251;-0.221;rejet_prob;prob 0.195 < seuil 0.323;;;;;;;;;;;;;-0.07406;0.02636;0.11782;;;;;-0.11782;complet
2026-07-28T11:54:12-04:00;America/New_York;11fa6982d2cf3659;scan;META;yahoo;595.101;0.0687;0.323;0.1246;0.551;0.167;rejet_prob;prob 0.069 < seuil 0.323;;;;;;;;;;;;;-0.01595;-0.06451;-0.01203;;;;;-0.01203;complet
2026-07-28T11:54:14-04:00;America/New_York;11fa6982d2cf3659;scan;SPY;yahoo;742.22;0.4232;0.323;0.3568;1.186;-0.536;rejet_ratio;options déjà chères : ratio 1.19 < 1.5 (p_implicite 0.357);;;;;;;;;;;;;-0.01719;0.00648;0.03922;;;;;-0.03922;complet
2026-07-28T11:54:15-04:00;America/New_York;11fa6982d2cf3659;scan;QQQ;yahoo;678.54;0.2861;0.323;0.2373;1.206;-0.641;rejet_prob;prob 0.286 < seuil 0.323;;;;;;;;;;;;;-0.02477;0.01393;0.06678;;;;;-0.06678;complet
2026-07-28T11:54:16-04:00;America/New_York;11fa6982d2cf3659;scan;COIN;yahoo;166.11;0.2241;0.323;0.2405;0.932;0.41;rejet_prob;prob 0.224 < seuil 0.323;;;;;;;;;;;;;-0.03624;-0.1195;-0.09259;;;;;-0.09259;complet
2026-07-28T11:54:17-04:00;America/New_York;11fa6982d2cf3659;scan;PLTR;yahoo;123.985;0.1841;0.323;0.2746;0.67;0.247;rejet_prob;prob 0.184 < seuil 0.323;;;;;;;;;;;;;-0.00794;-0.00746;0.31193;;;;;0.31193;complet
2026-07-28T11:54:17-04:00;America/New_York;11fa6982d2cf3659;scan;SOFI;yahoo;16.74;0.2177;0.323;0.3899;0.558;-0.054;rejet_prob;prob 0.218 < seuil 0.323;;;;;;;;;;;;;-0.08901;-0.02569;0.11708;;;;;-0.11708;complet
2026-07-28T11:54:18-04:00;America/New_York;11fa6982d2cf3659;scan;MARA;yahoo;11.45;0.2037;0.323;0.2348;0.868;0.001;rejet_prob;prob 0.204 < seuil 0.323;;;;;;;;;;;;;-0.12227;-0.01135;0.0262;;;;;0.0262;complet
2026-07-28T11:54:19-04:00;America/New_York;11fa6982d2cf3659;scan;F;yahoo;14.95;0.2135;0.323;0.412;0.518;0.568;rejet_prob;prob 0.213 < seuil 0.323;;;;;;;;;;;;;0.02207;-0.01806;-0.04749;;;;;-0.04749;complet
2026-07-28T11:54:19-04:00;America/New_York;11fa6982d2cf3659;A;F;yahoo;14.95;0.2135;0.323;0.412;0.518;0.568;rejet_prob;prob 0.213 < seuil 0.323;call;15.5;2026-08-21;24.0;0.42;0.43;0.425;0.4219;0.4;-0.0137;0.0148;43.0;0.02207;-0.01806;-0.04749;0.19;0.12;0.05;-0.6893;-0.04749;complet
2026-07-28T11:54:20-04:00;America/New_York;11fa6982d2cf3659;scan;T;yahoo;24.665;0.0265;0.323;0.0627;0.423;0.552;rejet_prob;prob 0.026 < seuil 0.323;;;;;;;;;;;;;-0.02939;-0.05737;-0.0521;;;;;-0.0521;complet
2026-07-28T11:54:20-04:00;America/New_York;11fa6982d2cf3659;A;T;yahoo;24.665;0.0265;0.323;0.0627;0.423;0.552;rejet_prob;prob 0.026 < seuil 0.323;call;25.5;2026-08-21;24.0;0.38;0.42;0.4;0.293;0.357;-0.0154;0.0236;42.0;-0.02939;-0.05737;-0.0521;0.06;0.05;0.01;-0.8464;-0.0521;complet
2026-07-28T11:54:21-04:00;America/New_York;11fa6982d2cf3659;scan;PFE;yahoo;25.215;0.2413;0.323;0.2758;0.875;0.394;rejet_prob;prob 0.241 < seuil 0.323;;;;;;;;;;;;;-0.00258;-0.00813;0.00773;;;;;0.00773;complet
2026-07-28T11:54:21-04:00;America/New_York;11fa6982d2cf3659;A;PFE;yahoo;25.215;0.2413;0.323;0.2758;0.875;0.394;rejet_prob;prob 0.241 < seuil 0.323;call;26.0;2026-08-21;24.0;0.38;0.4;0.39;0.2715;0.358;-0.0147;0.0241;40.0;-0.00258;-0.00813;0.00773;0.18;0.2;0.26;-0.0751;0.00773;complet
2026-07-28T11:54:22-04:00;America/New_York;11fa6982d2cf3659;scan;AAL;yahoo;15.185;0.0717;0.323;0.0927;0.773;-0.135;rejet_prob;prob 0.072 < seuil 0.323;;;;;;;;;;;;;-0.02272;0.0056;0.09055;;;;;-0.09055;complet
2026-07-28T11:54:23-04:00;America/New_York;11fa6982d2cf3659;scan;NIO;yahoo;4.6872;0.3505;0.323;0.3547;0.988;0.259;rejet_ratio;options déjà chères : ratio 0.99 < 1.5 (p_implicite 0.355);;;;;;;;;;;;;0.01553;0.04113;0.01553;;;;;0.01553;complet
2026-07-28T11:54:24-04:00;America/New_York;11fa6982d2cf3659;scan;INTC;yahoo;87.47;0.1931;0.323;0.1527;1.265;-0.153;rejet_prob;prob 0.193 < seuil 0.323;;;;;;;;;;;;;-0.06391;0.03121;0.15308;;;;;-0.15308;complet
2026-07-28T11:54:25-04:00;America/New_York;11fa6982d2cf3659;scan;PLUG;yahoo;2.035;0.3363;0.323;0.5121;0.657;-0.485;rejet_ratio;options déjà chères : ratio 0.66 < 1.5 (p_implicite 0.512);;;;;;;;;;;;;-0.06634;0.01228;0.06143;;;;;-0.06143;complet
2026-07-28T11:54:25-04:00;America/New_York;11fa6982d2cf3659;A;PLUG;yahoo;2.035;0.3363;0.323;0.5121;0.657;-0.485;rejet_ratio;options déjà chères : ratio 0.66 < 1.5 (p_implicite 0.512);put;2.0;2026-08-21;24.0;0.17;0.21;0.19;0.9844;0.418;-0.0041;0.002;21.0;-0.06634;0.01228;0.06143;0.16;0.13;0.13;-0.4968;-0.06143;complet
2026-07-28T11:54:25-04:00;America/New_York;11fa6982d2cf3659;scan;RIVN;yahoo;16.395;0.0447;0.323;0.0482;0.927;0.146;rejet_prob;prob 0.045 < seuil 0.323;;;;;;;;;;;;;-0.00396;-0.07167;-0.03873;;;;;-0.03873;complet
2026-07-28T11:54:26-04:00;America/New_York;11fa6982d2cf3659;scan;LCID;yahoo;6.625;0.0117;0.323;0.0769;0.152;0.569;rejet_prob;prob 0.012 < seuil 0.323;;;;;;;;;;;;;0.20151;0.11396;0.17434;;;;;0.17434;complet
2026-07-28T11:54:26-04:00;America/New_York;11fa6982d2cf3659;A;LCID;yahoo;6.625;0.0117;0.323;0.0769;0.152;0.569;rejet_prob;prob 0.012 < seuil 0.323;call;7.5;2026-08-21;24.0;0.32;0.54;0.43;1.0781;0.382;-0.0148;0.0065;54.0;0.20151;0.11396;0.17434;0.74;0.73;0.12;0.6008;0.17434;complet
2026-07-28T11:54:27-04:00;America/New_York;11fa6982d2cf3659;scan;SNAP;yahoo;4.6899;0.32;0.323;0.6377;0.502;0.39;rejet_prob;prob 0.320 < seuil 0.323;;;;;;;;;;;;;0.00855;2e-05;0.23457;;;;;0.23457;complet
2026-07-28T11:54:27-04:00;America/New_York;11fa6982d2cf3659;A;SNAP;yahoo;4.6899;0.32;0.323;0.6377;0.502;0.39;rejet_prob;prob 0.320 < seuil 0.323;call;5.0;2026-08-21;24.0;0.31;0.33;0.32;0.918;0.444;-0.0093;0.0047;33.0;0.00855;2e-05;0.23457;0.27;0.41;0.48;1.847;0.23457;complet
2026-07-28T11:54:28-04:00;America/New_York;11fa6982d2cf3659;scan;WBD;yahoo;25.585;0.1682;0.323;0.3231;0.521;-0.201;rejet_prob;prob 0.168 < seuil 0.323;;;;;;;;;;;;;0.00215;0.02795;0.00801;;;;;-0.00801;complet
2026-07-28T11:54:28-04:00;America/New_York;11fa6982d2cf3659;scan;VALE;yahoo;14.745;0.2023;0.323;0.2356;0.859;0.376;rejet_prob;prob 0.202 < seuil 0.323;;;;;;;;;;;;;-0.00644;0.02136;0.00576;;;;;0.00576;complet
2026-07-28T11:54:28-04:00;America/New_York;11fa6982d2cf3659;A;VALE;yahoo;14.745;0.2023;0.323;0.2356;0.859;0.376;rejet_prob;prob 0.202 < seuil 0.323;call;15.0;2026-08-21;24.0;0.31;0.34;0.325;0.294;0.44;-0.0099;0.0149;34.0;-0.00644;0.02136;0.00576;0.35;0.16;0.23;-0.0829;0.00576;complet
2026-07-28T11:54:29-04:00;America/New_York;11fa6982d2cf3659;scan;PBR;yahoo;18.09;0.1131;0.323;0.2382;0.475;0.707;rejet_prob;prob 0.113 < seuil 0.323;;;;;;;;;;;;;0.02764;0.07242;0.03483;;;;;0.03483;complet
2026-07-28T11:54:29-04:00;America/New_York;11fa6982d2cf3659;A;PBR;yahoo;18.09;0.1131;0.323;0.2382;0.475;0.707;rejet_prob;prob 0.113 < seuil 0.323;call;18.5;2026-08-21;24.0;0.44;0.48;0.46;0.3486;0.431;-0.0141;0.0182;48.0;0.02764;0.07242;0.03483;0.79;0.92;0.52;0.4515;0.03483;complet
2026-07-28T11:54:30-04:00;America/New_York;11fa6982d2cf3659;scan;GOLD;yahoo;40.645;0.2152;0.323;0.1656;1.3;0.328;rejet_prob;prob 0.215 < seuil 0.323;;;;;;;;;;;;;-0.01218;0.01759;0.05031;;;;;0.05031;complet
2026-07-28T11:54:30-04:00;America/New_York;11fa6982d2cf3659;A;GOLD;yahoo;40.645;0.2152;0.323;0.1656;1.3;0.328;rejet_prob;prob 0.215 < seuil 0.323;call;45.0;2026-08-21;24.0;0.45;0.8;0.625;0.5303;0.255;-0.0382;0.0335;80.0;-0.01218;0.01759;0.05031;0.4;0.4;1.25;0.3534;0.05031;complet
2026-07-28T11:54:30-04:00;America/New_York;11fa6982d2cf3659;scan;CLF;yahoo;12.305;0.2776;0.323;0.1001;2.773;0.474;rejet_prob;prob 0.278 < seuil 0.323;;;;;;;;;;;;;-0.07517;-0.0638;0.00041;;;;;0.00041;complet
2026-07-28T11:54:30-04:00;America/New_York;11fa6982d2cf3659;A;CLF;yahoo;12.305;0.2776;0.323;0.1001;2.773;0.474;rejet_prob;prob 0.278 < seuil 0.323;call;13.0;2026-08-21;24.0;0.49;0.55;0.52;0.6231;0.403;-0.0164;0.0122;55.0;-0.07517;-0.0638;0.00041;0.25;0.14;0.42;-0.2781;0.00041;complet
2026-07-28T11:54:31-04:00;America/New_York;11fa6982d2cf3659;scan;CCL;yahoo;28.135;0.3093;0.323;0.2701;1.145;0.036;rejet_prob;prob 0.309 < seuil 0.323;;;;;;;;;;;;;-0.01155;-0.01155;0.05171;;;;;0.05171;complet
2026-07-28T11:54:32-04:00;America/New_York;11fa6982d2cf3659;scan;RIOT;yahoo;21.3;0.1156;0.323;0.2076;0.557;-0.207;rejet_prob;prob 0.116 < seuil 0.323;;;;;;;;;;;;;-0.14366;-0.05305;0.01221;;;;;-0.01221;complet
2026-07-28T11:54:33-04:00;America/New_York;11fa6982d2cf3659;scan;TLRY;yahoo;4.0601;0.2966;0.323;0.6319;0.469;-0.034;rejet_prob;prob 0.297 < seuil 0.323;;;;;;;;;;;;;-0.01727;0.1182;0.14283;;;;;-0.14283;complet
2026-07-28T11:54:33-04:00;America/New_York;11fa6982d2cf3659;scan;BAC;yahoo;62.455;0.1346;0.323;0.1592;0.845;0.393;rejet_prob;prob 0.135 < seuil 0.323;;;;;;;;;;;;;-0.02218;-0.00809;0.00713;;;;;0.00713;complet
2026-07-28T11:54:33-04:00;America/New_York;11fa6982d2cf3659;A;BAC;yahoo;62.455;0.1346;0.323;0.1592;0.845;0.393;rejet_prob;prob 0.135 < seuil 0.323;call;64.0;2026-08-21;24.0;0.78;0.79;0.785;0.2168;0.36;-0.0297;0.0599;79.0;-0.02218;-0.00809;0.00713;0.37;0.42;0.79;-0.0352;0.00713;complet
2026-07-28T11:54:34-04:00;America/New_York;11fa6982d2cf3659;scan;AGNC;yahoo;10.925;0.2095;0.323;0.1585;1.322;0.396;rejet_prob;prob 0.209 < seuil 0.323;;;;;;;;;;;;;-0.00229;-0.02426;-0.02609;;;;;-0.02609;complet
2026-07-28T11:54:34-04:00;America/New_York;11fa6982d2cf3659;A;AGNC;yahoo;10.925;0.2095;0.323;0.1585;1.322;0.396;rejet_prob;prob 0.209 < seuil 0.323;call;11.0;2026-08-21;24.0;0.18;0.19;0.185;0.1973;0.479;-0.0052;0.0112;19.0;-0.00229;-0.02426;-0.02609;0.11;0.07;0.06;-0.6725;-0.02609;complet
2026-07-28T11:54:35-04:00;America/New_York;11fa6982d2cf3659;scan;KVUE;yahoo;19.8401;0.1928;0.323;0.2922;0.66;0.616;rejet_prob;prob 0.193 < seuil 0.323;;;;;;;;;;;;;-0.00253;-0.03025;-0.01462;;;;;-0.01462;complet
2026-07-28T11:54:35-04:00;America/New_York;11fa6982d2cf3659;A;KVUE;yahoo;19.8401;0.1928;0.323;0.2922;0.66;0.616;rejet_prob;prob 0.193 < seuil 0.323;call;20.0;2026-08-21;24.0;0.3;0.54;0.42;0.2969;0.489;-0.0137;0.0203;54.0;-0.00253;-0.03025;-0.01462;0.1;0.11;0.05;-0.3948;-0.01462;complet
2026-07-29T11:34:13-04:00;America/New_York;11fa6982d2cf3659;scan;AAPL;yahoo;340.02;0.0713;0.323;0.1652;0.432;0.244;rejet_prob;prob 0.071 < seuil 0.323;;;;;;;;;;;;;-0.01938;-0.10764;-0.08535;;;;;-0.08535;complet
2026-07-29T11:34:14-04:00;America/New_York;11fa6982d2cf3659;scan;NVDA;yahoo;192.495;0.2589;0.323;0.1451;1.784;-0.181;rejet_prob;prob 0.259 < seuil 0.323;;;;;;;;;;;;;0.01322;0.07348;0.13883;;;;;-0.13883;complet
2026-07-29T11:34:15-04:00;America/New_York;11fa6982d2cf3659;scan;TSLA;yahoo;303.2269;0.2178;0.323;0.0163;13.362;-0.389;rejet_prob;prob 0.218 < seuil 0.323;;;;;;;;;;;;;0.01854;0.06217;0.06043;;;;;-0.06043;complet
2026-07-29T11:34:15-04:00;America/New_York;11fa6982d2cf3659;C;TSLA;yahoo;303.2269;0.2178;0.323;0.0163;13.362;-0.389;controle_aleatoire;contrôle apparié, direction aléatoire hausse;;;;;;;;;;;;;0.01854;0.06217;0.06043;;;;;-0.06043;complet
2026-07-29T11:34:16-04:00;America/New_York;11fa6982d2cf3659;scan;AMD;yahoo;431.29;0.0975;0.323;0.1011;0.964;-0.45;rejet_prob;prob 0.098 < seuil 0.323;;;;;;;;;;;;;0.12544;0.1237;0.11769;;;;;-0.11769;complet
2026-07-29T11:34:16-04:00;America/New_York;11fa6982d2cf3659;scan;META;yahoo;591.45;0.0859;0.323;0.1189;0.722;0.248;rejet_prob;prob 0.086 < seuil 0.323;;;;;;;;;;;;;-0.08863;-0.00205;-0.00453;;;;;-0.00453;complet
2026-07-29T11:34:17-04:00;America/New_York;11fa6982d2cf3659;scan;SPY;yahoo;734.77;0.3918;0.323;0.4236;0.925;-0.52;rejet_ratio;options déjà chères : ratio 0.93 < 1.5 (p_implicite 0.424);;;;;;;;;;;;;0.00942;0.03117;0.04766;;;;;-0.04766;complet
2026-07-29T11:34:19-04:00;America/New_York;11fa6982d2cf3659;scan;QQQ;yahoo;667.1;0.465;0.323;0.2611;1.781;-0.629;direction_sans_contrat;direction convergente mais aucun contrat de qualité;;;;;;;;;;;;;0.02466;0.04942;0.07525;;;;;-0.07525;complet
2026-07-29T11:34:19-04:00;America/New_York;11fa6982d2cf3659;scan;COIN;yahoo;164.385;0.2106;0.323;0.233;0.904;0.42;rejet_prob;prob 0.211 < seuil 0.323;;;;;;;;;;;;;-0.0049;-0.1088;-0.08818;;;;;-0.08818;complet
2026-07-29T11:34:20-04:00;America/New_York;11fa6982d2cf3659;scan;PLTR;yahoo;124.565;0.1911;0.323;0.2774;0.689;0.367;rejet_prob;prob 0.191 < seuil 0.323;;;;;;;;;;;;;-0.0185;0.00871;0.27187;;;;;0.27187;complet
2026-07-29T11:34:21-04:00;America/New_York;11fa6982d2cf3659;scan;SOFI;yahoo;15.295;0.0507;0.323;0.1475;0.344;-0.174;rejet_prob;prob 0.051 < seuil 0.323;;;;;;;;;;;;;0.07682;0.17882;0.1932;;;;;-0.1932;complet
2026-07-29T11:34:22-04:00;America/New_York;11fa6982d2cf3659;scan;MARA;yahoo;10.49;0.1674;0.323;0.1958;0.855;-0.082;rejet_prob;prob 0.167 < seuil 0.323;;;;;;;;;;;;;0.12679;0.12011;0.0715;;;;;-0.0715;complet
2026-07-29T11:34:22-04:00;America/New_York;11fa6982d2cf3659;scan;F;yahoo;15.805;0.0962;0.323;0.1769;0.544;0.821;rejet_prob;prob 0.096 < seuil 0.323;;;;;;;;;;;;;-0.05979;-0.087;-0.10598;;;;;-0.10598;complet
2026-07-29T11:34:22-04:00;America/New_York;11fa6982d2cf3659;A;F;yahoo;15.805;0.0962;0.323;0.1769;0.544;0.821;rejet_prob;prob 0.096 < seuil 0.323;call;16.5;2026-08-21;23.0;0.31;0.34;0.325;0.3818;0.355;-0.0129;0.0148;34.0;-0.05979;-0.087;-0.10598;0.04;0.01;0.01;-0.9619;-0.10598;complet
2026-07-29T11:34:23-04:00;America/New_York;11fa6982d2cf3659;scan;T;yahoo;24.5399;0.0302;0.323;0.0626;0.482;0.462;rejet_prob;prob 0.030 < seuil 0.323;;;;;;;;;;;;;-0.05419;-0.03871;-0.06031;;;;;-0.06031;complet
2026-07-29T11:34:23-04:00;America/New_York;11fa6982d2cf3659;A;T;yahoo;24.5399;0.0302;0.323;0.0626;0.482;0.462;rejet_prob;prob 0.030 < seuil 0.323;call;25.0;2026-08-21;23.0;0.43;0.47;0.45;0.2666;0.42;-0.0152;0.0241;47.0;-0.05419;-0.03871;-0.06031;0.12;0.08;0.08;-0.8983;-0.06031;complet
2026-07-29T11:34:24-04:00;America/New_York;11fa6982d2cf3659;scan;PFE;yahoo;25.265;0.2342;0.323;0.2514;0.932;0.188;rejet_prob;prob 0.234 < seuil 0.323;;;;;;;;;;;;;-0.01405;-0.0093;0.02157;;;;;0.02157;complet
2026-07-29T11:34:25-04:00;America/New_York;11fa6982d2cf3659;scan;AAL;yahoo;15.05;0.095;0.323;0.1041;0.913;-0.316;rejet_prob;prob 0.095 < seuil 0.323;;;;;;;;;;;;;0.02525;0.06578;0.10166;;;;;-0.10166;complet
2026-07-29T11:34:26-04:00;America/New_York;11fa6982d2cf3659;scan;NIO;yahoo;4.78;0.3451;0.323;0.3591;0.961;0.354;rejet_ratio;options déjà chères : ratio 0.96 < 1.5 (p_implicite 0.359);;;;;;;;;;;;;0.01255;0.00628;-0.0272;;;;;-0.0272;complet
2026-07-29T11:34:26-04:00;America/New_York;11fa6982d2cf3659;A;NIO;yahoo;4.78;0.3451;0.323;0.3591;0.961;0.354;rejet_ratio;options déjà chères : ratio 0.96 < 1.5 (p_implicite 0.359);call;5.0;2026-08-21;23.0;0.2;0.23;0.215;0.625;0.425;-0.0066;0.0047;23.0;0.01255;0.00628;-0.0272;0.16;0.13;0.06;-0.4911;-0.0272;complet
2026-07-29T11:34:26-04:00;America/New_York;11fa6982d2cf3659;scan;INTC;yahoo;83.2098;0.2145;0.323;0.1435;1.495;-0.442;rejet_prob;prob 0.214 < seuil 0.323;;;;;;;;;;;;;0.09518;0.09362;0.21452;;;;;-0.21452;complet
2026-07-29T11:34:27-04:00;America/New_York;11fa6982d2cf3659;scan;PLUG;yahoo;1.915;0.4615;0.323;0.4828;0.956;-0.031;rejet_ratio;options déjà chères : ratio 0.96 < 1.5 (p_implicite 0.483);;;;;;;;;;;;;0.09138;0.08616;0.09661;;;;;-0.09661;complet
2026-07-29T11:34:28-04:00;America/New_York;11fa6982d2cf3659;scan;RIVN;yahoo;16.315;0.055;0.323;0.0481;1.143;0.099;rejet_prob;prob 0.055 < seuil 0.323;;;;;;;;;;;;;0.03157;-0.05884;-0.04628;;;;;-0.04628;complet
2026-07-29T11:34:29-04:00;America/New_York;11fa6982d2cf3659;scan;LCID;yahoo;7.75;0.0372;0.323;0.0512;0.727;0.41;rejet_prob;prob 0.037 < seuil 0.323;;;;;;;;;;;;;0.04774;-0.00645;-0.13548;;;;;-0.13548;complet
2026-07-29T11:34:29-04:00;America/New_York;11fa6982d2cf3659;A;LCID;yahoo;7.75;0.0372;0.323;0.0512;0.727;0.41;rejet_prob;prob 0.037 < seuil 0.323;call;9.0;2026-08-21;23.0;0.48;0.62;0.55;1.2441;0.377;-0.0203;0.0074;62.0;0.04774;-0.00645;-0.13548;0.26;0.36;0.08;-0.7886;-0.13548;complet
2026-07-29T11:34:29-04:00;America/New_York;11fa6982d2cf3659;scan;SNAP;yahoo;4.78;0.3188;0.323;0.5924;0.538;0.541;rejet_prob;prob 0.319 < seuil 0.323;;;;;;;;;;;;;-0.01883;0.05439;0.11506;;;;;0.11506;complet
2026-07-29T11:34:29-04:00;America/New_York;11fa6982d2cf3659;A;SNAP;yahoo;4.78;0.3188;0.323;0.5924;0.538;0.541;rejet_prob;prob 0.319 < seuil 0.323;call;5.0;2026-08-21;23.0;0.35;0.38;0.365;0.9375;0.475;-0.01;0.0048;38.0;-0.01883;0.05439;0.11506;0.23;0.82;0.33;0.5678;0.11506;complet
2026-07-29T11:34:30-04:00;America/New_York;11fa6982d2cf3659;scan;WBD;yahoo;25.56;0.1811;0.323;0.2011;0.901;-0.719;rejet_prob;prob 0.181 < seuil 0.323;;;;;;;;;;;;;-0.00352;0.02074;0.01604;;;;;-0.01604;complet
2026-07-29T11:34:30-04:00;America/New_York;11fa6982d2cf3659;A;WBD;yahoo;25.56;0.1811;0.323;0.2011;0.901;-0.719;rejet_prob;prob 0.181 < seuil 0.323;put;25.5;2026-08-21;23.0;0.02;0.7;0.36;0.2793;0.457;-0.0139;0.0254;70.0;-0.00352;0.02074;0.01604;;;;-0.4641;-0.01604;complet
2026-07-29T11:34:31-04:00;America/New_York;11fa6982d2cf3659;scan;VALE;yahoo;14.575;0.213;0.323;0.2375;0.897;0.426;rejet_prob;prob 0.213 < seuil 0.323;;;;;;;;;;;;;0.02847;0.00034;0.02504;;;;;0.02504;complet
2026-07-29T11:34:31-04:00;America/New_York;11fa6982d2cf3659;A;VALE;yahoo;14.575;0.213;0.323;0.2375;0.897;0.426;rejet_prob;prob 0.213 < seuil 0.323;call;15.0;2026-08-21;23.0;0.26;0.28;0.27;0.3047;0.382;-0.0099;0.014;28.0;0.02847;0.00034;0.02504;0.3;0.25;0.18;0.3055;0.02504;complet
2026-07-29T11:34:31-04:00;America/New_York;11fa6982d2cf3659;scan;PBR;yahoo;18.675;0.179;0.323;0.216;0.829;0.342;rejet_prob;prob 0.179 < seuil 0.323;;;;;;;;;;;;;0.02383;0.02062;-0.01687;;;;;-0.01687;complet
2026-07-29T11:34:31-04:00;America/New_York;11fa6982d2cf3659;A;PBR;yahoo;18.675;0.179;0.323;0.216;0.829;0.342;rejet_prob;prob 0.179 < seuil 0.323;call;19.0;2026-08-21;23.0;0.46;0.51;0.485;0.3428;0.45;-0.0148;0.0186;51.0;0.02383;0.02062;-0.01687;0.64;0.42;0.35;-0.4391;-0.01687;complet
2026-07-29T11:34:32-04:00;America/New_York;11fa6982d2cf3659;scan;GOLD;yahoo;39.6;0.1453;0.323;0.188;0.773;0.105;rejet_prob;prob 0.145 < seuil 0.323;;;;;;;;;;;;;0.06263;0.06389;0.09419;;;;;0.09419;complet
2026-07-29T11:34:33-04:00;America/New_York;11fa6982d2cf3659;scan;CLF;yahoo;11.265;0.081;0.323;0.0602;1.346;0.594;rejet_prob;prob 0.081 < seuil 0.323;;;;;;;;;;;;;0.0324;-0.00399;0.12295;;;;;0.12295;complet
2026-07-29T11:34:33-04:00;America/New_York;11fa6982d2cf3659;A;CLF;yahoo;11.265;0.081;0.323;0.0602;1.346;0.594;rejet_prob;prob 0.081 < seuil 0.323;call;12.0;2026-08-21;23.0;0.41;0.43;0.42;0.6133;0.376;-0.0148;0.0107;43.0;0.0324;-0.00399;0.12295;0.6;0.64;0.91;1.3801;0.12295;complet
2026-07-29T11:34:33-04:00;America/New_York;11fa6982d2cf3659;scan;CCL;yahoo;27.771;0.3303;0.323;0.2819;1.172;-0.041;rejet_ratio;options déjà chères : ratio 1.17 < 1.5 (p_implicite 0.282);;;;;;;;;;;;;-4e-05;0.03489;0.06838;;;;;-0.06838;complet
2026-07-29T11:34:34-04:00;America/New_York;11fa6982d2cf3659;scan;RIOT;yahoo;19.57;0.1569;0.323;0.1761;0.891;-0.247;rejet_prob;prob 0.157 < seuil 0.323;;;;;;;;;;;;;0.1303;0.09453;0.09862;;;;;-0.09862;complet
2026-07-29T11:34:35-04:00;America/New_York;11fa6982d2cf3659;scan;TLRY;yahoo;3.835;0.3249;0.323;0.4707;0.69;-0.088;rejet_ratio;options déjà chères : ratio 0.69 < 1.5 (p_implicite 0.471);;;;;;;;;;;;;0.09518;0.20991;0.15515;;;;;-0.15515;complet
2026-07-29T11:34:36-04:00;America/New_York;11fa6982d2cf3659;scan;BAC;yahoo;61.955;0.1756;0.323;0.1738;1.01;0.083;rejet_prob;prob 0.176 < seuil 0.323;;;;;;;;;;;;;-0.00363;0.00847;0.0209;;;;;0.0209;complet
2026-07-29T11:34:37-04:00;America/New_York;11fa6982d2cf3659;scan;AGNC;yahoo;11.0;0.1465;0.323;0.1071;1.368;-0.125;rejet_prob;prob 0.146 < seuil 0.323;;;;;;;;;;;;;-0.00727;-0.03273;-0.03;;;;;0.03;complet
2026-07-29T11:34:37-04:00;America/New_York;11fa6982d2cf3659;scan;KVUE;yahoo;19.7146;0.2027;0.323;0.3779;0.536;0.716;rejet_prob;prob 0.203 < seuil 0.323;;;;;;;;;;;;;-0.02052;-0.03574;-0.00226;;;;;-0.00226;complet
2026-07-29T11:34:37-04:00;America/New_York;11fa6982d2cf3659;A;KVUE;yahoo;19.7146;0.2027;0.323;0.3779;0.536;0.716;rejet_prob;prob 0.203 < seuil 0.323;call;20.0;2026-08-21;23.0;0.22;0.33;0.275;0.2256;0.43;-0.0105;0.0194;33.0;-0.02052;-0.03574;-0.00226;0.1;0.04;0.04;-0.2548;-0.00226;complet
2026-07-30T11:35:15-04:00;America/New_York;11fa6982d2cf3659;scan;AAPL;yahoo;332.01;0.1178;0.323;0.1422;0.828;0.305;rejet_prob;prob 0.118 < seuil 0.323;;;;;;;;;;;;;-0.06958;-0.06816;-0.05903;;;;;-0.05903;complet
2026-07-30T11:35:16-04:00;America/New_York;11fa6982d2cf3659;scan;NVDA;yahoo;193.445;0.34;0.323;0.1367;2.487;-0.108;signal_sans_direction;mouvement probable mais aucune direction claire : pas de trade;;;;;;;;;;;;;0.03776;0.09561;0.13205;;;;;-0.13205;complet
2026-07-30T11:35:18-04:00;America/New_York;11fa6982d2cf3659;scan;TSLA;yahoo;305.41;0.0181;0.323;0.0151;1.199;-0.234;rejet_prob;prob 0.018 < seuil 0.323;;;;;;;;;;;;;0.01899;0.07184;0.04623;;;;;-0.04623;complet
2026-07-30T11:35:19-04:00;America/New_York;11fa6982d2cf3659;scan;AMD;yahoo;484.13;0.1458;0.323;0.1146;1.272;-0.068;rejet_prob;prob 0.146 < seuil 0.323;;;;;;;;;;;;;-0.01648;0.07116;0.01064;;;;;-0.01064;complet
2026-07-30T11:35:20-04:00;America/New_York;11fa6982d2cf3659;scan;META;yahoo;532.755;0.1878;0.323;0.0314;5.981;-0.213;rejet_prob;prob 0.188 < seuil 0.323;;;;;;;;;;;;;0.04496;0.10358;0.10726;;;;;-0.10726;complet
2026-07-30T11:35:22-04:00;America/New_York;11fa6982d2cf3659;scan;SPY;yahoo;736.06;0.2557;0.323;0.2957;0.865;-0.504;rejet_prob;prob 0.256 < seuil 0.323;;;;;;;;;;;;;0.0149;0.04792;0.04415;;;;;-0.04415;complet
2026-07-30T11:35:24-04:00;America/New_York;11fa6982d2cf3659;scan;QQQ;yahoo;679.708;0.4665;0.323;0.1853;2.518;-0.351;direction_sans_contrat;direction convergente mais aucun contrat de qualité;;;;;;;;;;;;;0.01218;0.06494;0.05141;;;;;-0.05141;complet
2026-07-30T11:35:25-04:00;America/New_York;11fa6982d2cf3659;scan;COIN;yahoo;161.22;0.1976;0.323;0.2934;0.673;0.089;rejet_prob;prob 0.198 < seuil 0.323;;;;;;;;;;;;;-0.09279;-0.06507;-0.09806;;;;;-0.09806;complet
2026-07-30T11:35:27-04:00;America/New_York;11fa6982d2cf3659;scan;PLTR;yahoo;121.46;0.2315;0.323;0.3431;0.675;-0.1;rejet_prob;prob 0.232 < seuil 0.323;;;;;;;;;;;;;0.01317;0.33921;0.28371;;;;;-0.28371;complet
2026-07-30T11:35:28-04:00;America/New_York;11fa6982d2cf3659;scan;SOFI;yahoo;15.895;0.1127;0.323;0.1085;1.039;0.021;rejet_prob;prob 0.113 < seuil 0.323;;;;;;;;;;;;;0.02611;0.17647;0.13872;;;;;0.13872;complet
2026-07-30T11:35:29-04:00;America/New_York;11fa6982d2cf3659;scan;MARA;yahoo;11.75;0.0292;0.323;0.0997;0.293;0.145;rejet_prob;prob 0.029 < seuil 0.323;;;;;;;;;;;;;-0.0366;0.0;-0.09362;;;;;-0.09362;complet
2026-07-30T11:35:30-04:00;America/New_York;11fa6982d2cf3659;scan;F;yahoo;14.735;0.2302;0.323;0.2274;1.012;0.449;rejet_prob;prob 0.230 < seuil 0.323;;;;;;;;;;;;;-0.00373;-0.03359;-0.06413;;;;;-0.06413;complet
2026-07-30T11:35:30-04:00;America/New_York;11fa6982d2cf3659;A;F;yahoo;14.735;0.2302;0.323;0.2274;1.012;0.449;rejet_prob;prob 0.230 < seuil 0.323;call;15.0;2026-08-21;22.0;0.34;0.36;0.35;0.3232;0.44;-0.0112;0.0143;36.0;-0.00373;-0.03359;-0.06413;0.24;0.11;0.04;-0.8693;-0.06413;complet
2026-07-30T11:35:31-04:00;America/New_York;11fa6982d2cf3659;scan;T;yahoo;23.255;0.0769;0.323;0.0964;0.798;0.376;rejet_prob;prob 0.077 < seuil 0.323;;;;;;;;;;;;;-0.00022;0.00538;0.01957;;;;;0.01957;complet
2026-07-30T11:35:31-04:00;America/New_York;11fa6982d2cf3659;A;T;yahoo;23.255;0.0769;0.323;0.0964;0.798;0.376;rejet_prob;prob 0.077 < seuil 0.323;call;24.0;2026-08-21;22.0;0.31;0.34;0.325;0.2725;0.346;-0.014;0.021;34.0;-0.00022;0.00538;0.01957;0.4;0.16;0.36;0.2101;0.01957;complet
2026-07-30T11:35:33-04:00;America/New_York;11fa6982d2cf3659;scan;PFE;yahoo;24.665;0.2787;0.323;0.2341;1.191;0.358;rejet_prob;prob 0.279 < seuil 0.323;;;;;;;;;;;;;0.01399;0.0302;0.06223;;;;;0.06223;complet
2026-07-30T11:35:33-04:00;America/New_York;11fa6982d2cf3659;A;PFE;yahoo;24.665;0.2787;0.323;0.2341;1.191;0.358;rejet_prob;prob 0.279 < seuil 0.323;call;25.0;2026-08-21;22.0;0.49;0.51;0.5;0.2671;0.448;-0.0158;0.0239;51.0;0.01399;0.0302;0.06223;0.56;0.72;1.51;1.7161;0.06223;complet
2026-07-30T11:35:34-04:00;America/New_York;11fa6982d2cf3659;scan;AAL;yahoo;15.215;0.0883;0.323;0.0866;1.02;-0.313;rejet_prob;prob 0.088 < seuil 0.323;;;;;;;;;;;;;0.00361;0.0884;0.05357;;;;;-0.05357;complet
2026-07-30T11:35:35-04:00;America/New_York;11fa6982d2cf3659;scan;NIO;yahoo;4.765;0.3653;0.323;0.3545;1.03;-0.208;rejet_ratio;options déjà chères : ratio 1.03 < 1.5 (p_implicite 0.354);;;;;;;;;;;;;0.02413;-0.00105;-0.03463;;;;;0.03463;complet
2026-07-30T11:35:36-04:00;America/New_York;11fa6982d2cf3659;scan;INTC;yahoo;92.56;0.2091;0.323;0.1113;1.879;-0.103;rejet_prob;prob 0.209 < seuil 0.323;;;;;;;;;;;;;-0.0255;0.08967;0.07833;;;;;-0.07833;complet
2026-07-30T11:35:37-04:00;America/New_York;11fa6982d2cf3659;scan;PLUG;yahoo;2.045;0.2937;0.323;0.4101;0.716;0.005;rejet_prob;prob 0.294 < seuil 0.323;;;;;;;;;;;;;0.00733;0.05623;0.01222;;;;;0.01222;complet
2026-07-30T11:35:39-04:00;America/New_York;11fa6982d2cf3659;scan;RIVN;yahoo;16.385;0.0225;0.323;0.0444;0.507;0.206;rejet_prob;prob 0.022 < seuil 0.323;;;;;;;;;;;;;-0.0711;-0.03814;-0.06134;;;;;-0.06134;complet
2026-07-30T11:35:40-04:00;America/New_York;11fa6982d2cf3659;scan;LCID;yahoo;7.645;0.0061;0.323;0.0478;0.128;0.82;rejet_prob;prob 0.006 < seuil 0.323;;;;;;;;;;;;;-0.03466;0.01766;-0.08698;;;;;-0.08698;complet
2026-07-30T11:35:40-04:00;America/New_York;11fa6982d2cf3659;A;LCID;yahoo;7.645;0.0061;0.323;0.0478;0.128;0.82;rejet_prob;prob 0.006 < seuil 0.323;call;8.5;2026-08-21;22.0;0.3;0.89;0.595;1.1953;0.419;-0.0202;0.0073;89.0;-0.03466;0.01766;-0.08698;0.35;0.05;0.04;-0.7516;-0.08698;complet
2026-07-30T11:35:41-04:00;America/New_York;11fa6982d2cf3659;scan;SNAP;yahoo;4.63;0.4593;0.323;0.6683;0.687;0.308;rejet_ratio;options déjà chères : ratio 0.69 < 1.5 (p_implicite 0.668);;;;;;;;;;;;;0.01296;0.25054;0.12743;;;;;0.12743;complet
2026-07-30T11:35:42-04:00;America/New_York;11fa6982d2cf3659;scan;WBD;yahoo;25.565;0.1288;0.323;0.4478;0.288;-0.337;rejet_prob;prob 0.129 < seuil 0.323;;;;;;;;;;;;;0.02875;0.0088;0.03266;;;;;-0.03266;complet
2026-07-30T11:35:42-04:00;America/New_York;11fa6982d2cf3659;A;WBD;yahoo;25.565;0.1288;0.323;0.4478;0.288;-0.337;rejet_prob;prob 0.129 < seuil 0.323;put;25.5;2026-08-21;22.0;0.01;2.58;1.295;0.5195;0.458;-0.0278;0.0249;258.0;0.02875;0.0088;0.03266;;0.11;;-0.7364;-0.03266;complet
2026-07-30T11:35:43-04:00;America/New_York;11fa6982d2cf3659;scan;VALE;yahoo;14.79;0.1867;0.323;0.2932;0.637;0.414;rejet_prob;prob 0.187 < seuil 0.323;;;;;;;;;;;;;0.01826;0.0027;-0.00473;;;;;-0.00473;complet
2026-07-30T11:35:43-04:00;America/New_York;11fa6982d2cf3659;A;VALE;yahoo;14.79;0.1867;0.323;0.2932;0.637;0.414;rejet_prob;prob 0.187 < seuil 0.323;call;15.0;2026-08-21;22.0;0.35;0.38;0.365;0.3203;0.458;-0.0113;0.0144;38.0;0.01826;0.0027;-0.00473;0.16;0.23;0.16;-0.2857;-0.00473;complet
2026-07-30T11:35:43-04:00;America/New_York;11fa6982d2cf3659;C;VALE;yahoo;14.79;0.1867;0.323;0.2932;0.637;0.414;controle_aleatoire;contrôle apparié, direction aléatoire hausse;call;15.0;2026-08-21;22.0;0.35;0.38;0.365;0.3203;0.458;-0.0113;0.0144;38.0;0.01826;0.0027;-0.00473;0.16;0.23;0.16;-0.2857;-0.00473;complet
2026-07-30T11:35:44-04:00;America/New_York;11fa6982d2cf3659;scan;PBR;yahoo;18.885;0.2142;0.323;0.2596;0.825;0.607;rejet_prob;prob 0.214 < seuil 0.323;;;;;;;;;;;;;0.02727;-0.00874;-0.01933;;;;;-0.01933;complet
2026-07-30T11:35:44-04:00;America/New_York;11fa6982d2cf3659;A;PBR;yahoo;18.885;0.2142;0.323;0.2596;0.825;0.607;rejet_prob;prob 0.214 < seuil 0.323;call;19.5;2026-08-21;22.0;0.35;0.41;0.38;0.3506;0.383;-0.0149;0.0177;41.0;0.02727;-0.00874;-0.01933;0.44;0.19;0.14;-0.5295;-0.01933;complet
2026-07-30T11:35:45-04:00;America/New_York;11fa6982d2cf3659;scan;GOLD;yahoo;41.19;0.1701;0.323;0.2044;0.832;0.201;rejet_prob;prob 0.170 < seuil 0.323;;;;;;;;;;;;;0.00413;0.03642;0.02015;;;;;0.02015;complet
2026-07-30T11:35:47-04:00;America/New_York;11fa6982d2cf3659;scan;CLF;yahoo;11.595;0.1821;0.323;0.0838;2.173;0.551;rejet_prob;prob 0.182 < seuil 0.323;;;;;;;;;;;;;-0.00647;0.06166;0.05476;;;;;0.05476;complet
2026-07-30T11:35:47-04:00;America/New_York;11fa6982d2cf3659;A;CLF;yahoo;11.595;0.1821;0.323;0.0838;2.173;0.551;rejet_prob;prob 0.182 < seuil 0.323;call;12.0;2026-08-21;22.0;0.55;0.59;0.57;0.6406;0.451;-0.017;0.0113;59.0;-0.00647;0.06166;0.05476;0.35;0.86;0.62;0.2894;0.05476;complet
2026-07-30T11:35:48-04:00;America/New_York;11fa6982d2cf3659;scan;CCL;yahoo;27.69;0.3281;0.323;0.2431;1.35;0.135;rejet_ratio;options déjà chères : ratio 1.35 < 1.5 (p_implicite 0.243);;;;;;;;;;;;;0.00433;0.06862;0.03973;;;;;0.03973;complet
2026-07-30T11:35:49-04:00;America/New_York;11fa6982d2cf3659;scan;RIOT;yahoo;22.11;0.0341;0.323;0.1031;0.331;0.419;rejet_prob;prob 0.034 < seuil 0.323;;;;;;;;;;;;;-0.08774;-0.02488;-0.04071;;;;;-0.04071;complet
2026-07-30T11:35:49-04:00;America/New_York;11fa6982d2cf3659;A;RIOT;yahoo;22.11;0.0341;0.323;0.1031;0.331;0.419;rejet_prob;prob 0.034 < seuil 0.323;call;25.0;2026-08-21;22.0;1.29;1.5;1.395;1.1016;0.379;-0.0526;0.0206;150.0;-0.08774;-0.02488;-0.04071;0.78;1.12;0.56;-0.535;-0.04071;complet
2026-07-30T11:35:50-04:00;America/New_York;11fa6982d2cf3659;scan;TLRY;yahoo;4.165;0.3526;0.323;0.4032;0.875;0.142;rejet_ratio;options déjà chères : ratio 0.88 < 1.5 (p_implicite 0.403);;;;;;;;;;;;;0.09004;0.11405;0.06603;;;;;0.06603;complet
2026-07-30T11:35:51-04:00;America/New_York;11fa6982d2cf3659;scan;BAC;yahoo;61.275;0.1753;0.323;0.1805;0.971;0.171;rejet_prob;prob 0.175 < seuil 0.323;;;;;;;;;;;;;0.01102;0.02652;0.02815;;;;;0.02815;complet
2026-07-30T11:35:53-04:00;America/New_York;11fa6982d2cf3659;scan;AGNC;yahoo;10.845;0.1022;0.323;0.0963;1.061;0.019;rejet_prob;prob 0.102 < seuil 0.323;;;;;;;;;;;;;-0.01706;-0.0189;-0.02167;;;;;-0.02167;complet
2026-07-30T11:35:54-04:00;America/New_York;11fa6982d2cf3659;scan;KVUE;yahoo;19.275;0.2048;0.323;0.3173;0.645;0.179;rejet_prob;prob 0.205 < seuil 0.323;;;;;;;;;;;;;-0.00182;0.01427;-0.00493;;;;;-0.00493;complet
2026-07-31T11:48:27-04:00;America/New_York;11fa6982d2cf3659;scan;AAPL;yahoo;302.025;0.0763;0.323;0.011;6.936;-0.293;rejet_prob;prob 0.076 < seuil 0.323;;;;;;;;;;;;;0.00462;0.02972;0.03743;;;;;-0.03743;complet
2026-07-31T11:48:28-04:00;America/New_York;11fa6982d2cf3659;scan;NVDA;yahoo;195.77;0.3768;0.323;0.1141;3.302;0.088;signal_sans_direction;mouvement probable mais aucune direction claire : pas de trade;;;;;;;;;;;;;0.05552;0.11978;0.144;;;;;0.144;complet
2026-07-31T11:48:28-04:00;America/New_York;11fa6982d2cf3659;scan;TSLA;yahoo;306.115;0.0088;0.323;0.0183;0.481;-0.227;rejet_prob;prob 0.009 < seuil 0.323;;;;;;;;;;;;;0.05215;0.05042;0.07339;;;;;-0.07339;complet
2026-07-31T11:48:29-04:00;America/New_York;11fa6982d2cf3659;scan;AMD;yahoo;486.115;0.1907;0.323;0.1043;1.828;0.032;rejet_prob;prob 0.191 < seuil 0.323;;;;;;;;;;;;;-0.00303;-0.00836;-0.00567;;;;;-0.00567;complet
2026-07-31T11:48:29-04:00;America/New_York;11fa6982d2cf3659;scan;META;yahoo;545.23;0.1654;0.323;0.0455;3.635;-0.13;rejet_prob;prob 0.165 < seuil 0.323;;;;;;;;;;;;;0.08255;0.07986;0.08596;;;;;-0.08596;complet
2026-07-31T11:48:30-04:00;America/New_York;11fa6982d2cf3659;scan;SPY;yahoo;741.18;0.3038;0.323;0.1922;1.581;-0.403;rejet_prob;prob 0.304 < seuil 0.323;;;;;;;;;;;;;0.02225;0.0386;0.04328;;;;;-0.04328;complet
2026-07-31T11:48:31-04:00;America/New_York;11fa6982d2cf3659;scan;QQQ;yahoo;682.23;0.3435;0.323;0.1542;2.228;-0.394;direction_sans_contrat;direction convergente mais aucun contrat de qualité;;;;;;;;;;;;;0.02615;0.0514;0.0598;;;;;-0.0598;complet
2026-07-31T11:48:31-04:00;America/New_York;11fa6982d2cf3659;scan;COIN;yahoo;140.44;0.0649;0.323;0.067;0.969;-0.448;rejet_prob;prob 0.065 < seuil 0.323;;;;;;;;;;;;;0.04315;0.06729;0.09371;;;;;-0.09371;complet
2026-07-31T11:48:32-04:00;America/New_York;11fa6982d2cf3659;scan;PLTR;yahoo;120.98;0.283;0.323;0.3627;0.78;0.02;rejet_prob;prob 0.283 < seuil 0.323;;;;;;;;;;;;;0.0386;0.30956;0.42181;;;;;0.42181;complet
2026-07-31T11:48:32-04:00;America/New_York;11fa6982d2cf3659;scan;SOFI;yahoo;16.095;0.0774;0.323;0.0612;1.265;-0.323;rejet_prob;prob 0.077 < seuil 0.323;;;;;;;;;;;;;0.12022;0.13389;0.14197;;;;;-0.14197;complet
2026-07-31T11:48:32-04:00;America/New_York;11fa6982d2cf3659;A;SOFI;yahoo;16.095;0.0774;0.323;0.0612;1.265;-0.323;rejet_prob;prob 0.077 < seuil 0.323;put;16.0;2026-08-21;21.0;0.73;0.76;0.745;0.5039;0.448;-0.0173;0.0153;76.0;0.12022;0.13389;0.14197;0.12;0.09;0.06;-0.9225;-0.14197;complet
2026-07-31T11:48:33-04:00;America/New_York;11fa6982d2cf3659;scan;MARA;yahoo;11.345;0.0483;0.323;0.1003;0.482;0.213;rejet_prob;prob 0.048 < seuil 0.323;;;;;;;;;;;;;0.0357;-0.00926;-0.11062;;;;;-0.11062;complet
2026-07-31T11:48:33-04:00;America/New_York;11fa6982d2cf3659;scan;F;yahoo;14.46;0.279;0.323;0.2268;1.23;0.55;rejet_prob;prob 0.279 < seuil 0.323;;;;;;;;;;;;;-0.00207;-0.02282;-0.0332;;;;;-0.0332;complet
2026-07-31T11:48:33-04:00;America/New_York;11fa6982d2cf3659;A;F;yahoo;14.46;0.279;0.323;0.2268;1.23;0.55;rejet_prob;prob 0.279 < seuil 0.323;call;15.0;2026-08-21;21.0;0.24;0.25;0.245;0.3272;0.346;-0.0106;0.0128;25.0;-0.00207;-0.02282;-0.0332;0.12;0.06;0.03;-0.7312;-0.0332;complet
2026-07-31T11:48:34-04:00;America/New_York;11fa6982d2cf3659;scan;T;yahoo;23.395;0.0856;0.323;0.0865;0.99;0.455;rejet_prob;prob 0.086 < seuil 0.323;;;;;;;;;;;;;0.00834;-0.01432;0.01688;;;;;0.01688;complet
2026-07-31T11:48:34-04:00;America/New_York;11fa6982d2cf3659;A;T;yahoo;23.395;0.0856;0.323;0.0865;0.99;0.455;rejet_prob;prob 0.086 < seuil 0.323;call;24.0;2026-08-21;21.0;0.34;0.37;0.355;0.2695;0.374;-0.0147;0.0213;37.0;0.00834;-0.01432;0.01688;0.26;0.3;0.27;0.1428;0.01688;complet
2026-07-31T11:48:34-04:00;America/New_York;11fa6982d2cf3659;scan;PFE;yahoo;25.03;0.2499;0.323;0.296;0.844;0.297;rejet_prob;prob 0.250 < seuil 0.323;;;;;;;;;;;;;0.0;0.03116;0.06912;;;;;0.06912;complet
2026-07-31T11:48:35-04:00;America/New_York;11fa6982d2cf3659;scan;AAL;yahoo;15.225;0.0889;0.323;0.0672;1.323;0.09;rejet_prob;prob 0.089 < seuil 0.323;;;;;;;;;;;;;0.05353;0.089;0.04696;;;;;0.04696;complet
2026-07-31T11:48:35-04:00;America/New_York;11fa6982d2cf3659;scan;NIO;yahoo;4.8295;0.3603;0.323;0.3738;0.964;0.479;rejet_ratio;options déjà chères : ratio 0.96 < 1.5 (p_implicite 0.374);;;;;;;;;;;;;-0.00404;-0.03717;-0.01853;;;;;-0.01853;complet
2026-07-31T11:48:35-04:00;America/New_York;11fa6982d2cf3659;A;NIO;yahoo;4.8295;0.3603;0.323;0.3738;0.964;0.479;rejet_ratio;options déjà chères : ratio 0.96 < 1.5 (p_implicite 0.374);call;5.0;2026-08-21;21.0;0.16;0.19;0.175;0.5234;0.424;-0.0059;0.0045;19.0;-0.00404;-0.03717;-0.01853;0.13;0.06;0.08;-0.4846;-0.01853;complet
2026-07-31T11:48:35-04:00;America/New_York;11fa6982d2cf3659;scan;INTC;yahoo;91.87;0.2242;0.323;0.1223;1.833;-0.087;rejet_prob;prob 0.224 < seuil 0.323;;;;;;;;;;;;;-0.00947;0.10003;0.10645;;;;;-0.10645;complet
2026-07-31T11:48:36-04:00;America/New_York;11fa6982d2cf3659;scan;PLUG;yahoo;2.035;0.2325;0.323;0.3797;0.612;0.028;rejet_prob;prob 0.233 < seuil 0.323;;;;;;;;;;;;;0.02211;0.03194;0.07125;;;;;0.07125;complet
2026-07-31T11:48:36-04:00;America/New_York;11fa6982d2cf3659;scan;RIVN;yahoo;15.415;0.0248;0.323;0.0114;2.175;-0.082;rejet_prob;prob 0.025 < seuil 0.323;;;;;;;;;;;;;-0.00389;0.00941;0.03795;;;;;-0.03795;complet
2026-07-31T11:48:36-04:00;America/New_York;11fa6982d2cf3659;scan;LCID;yahoo;7.51;0.014;0.323;0.035;0.4;0.845;rejet_prob;prob 0.014 < seuil 0.323;;;;;;;;;;;;;0.0253;-0.10786;-0.06258;;;;;-0.06258;complet
2026-07-31T11:48:36-04:00;America/New_York;11fa6982d2cf3659;A;LCID;yahoo;7.51;0.014;0.323;0.035;0.4;0.845;rejet_prob;prob 0.014 < seuil 0.323;call;8.5;2026-08-21;21.0;0.42;0.52;0.47;1.125;0.377;-0.0186;0.0068;52.0;0.0253;-0.10786;-0.06258;0.44;0.12;0.06;-0.6396;-0.06258;complet
2026-07-31T11:48:37-04:00;America/New_York;11fa6982d2cf3659;scan;SNAP;yahoo;4.61;0.4102;0.323;0.6861;0.598;0.265;rejet_ratio;options déjà chères : ratio 0.60 < 1.5 (p_implicite 0.686);;;;;;;;;;;;;0.09328;0.15618;0.15618;;;;;0.15618;complet
2026-07-31T11:48:37-04:00;America/New_York;11fa6982d2cf3659;scan;WBD;yahoo;25.5751;0.1432;0.323;0.461;0.311;-0.353;rejet_prob;prob 0.143 < seuil 0.323;;;;;;;;;;;;;0.02013;0.01544;0.04711;;;;;-0.04711;complet
2026-07-31T11:48:37-04:00;America/New_York;11fa6982d2cf3659;A;WBD;yahoo;25.5751;0.1432;0.323;0.461;0.311;-0.353;rejet_prob;prob 0.143 < seuil 0.323;put;25.5;2026-08-21;21.0;0.02;1.25;0.635;0.5147;0.458;-0.0282;0.0243;125.0;0.02013;0.01544;0.04711;;;;-0.5857;-0.04711;complet
2026-07-31T11:48:38-04:00;America/New_York;11fa6982d2cf3659;scan;VALE;yahoo;14.92;0.1964;0.323;0.2531;0.776;0.541;rejet_prob;prob 0.196 < seuil 0.323;;;;;;;;;;;;;-0.02279;0.00134;-0.01408;;;;;-0.01408;complet
2026-07-31T11:48:38-04:00;America/New_York;11fa6982d2cf3659;A;VALE;yahoo;14.92;0.1964;0.323;0.2531;0.776;0.541;rejet_prob;prob 0.196 < seuil 0.323;call;15.0;2026-08-21;21.0;0.3;0.34;0.32;0.2578;0.495;-0.0096;0.0143;34.0;-0.02279;0.00134;-0.01408;0.25;0.18;0.12;-0.4552;-0.01408;complet
2026-07-31T11:48:38-04:00;America/New_York;11fa6982d2cf3659;scan;PBR;yahoo;19.145;0.2359;0.323;0.2102;1.122;0.908;rejet_prob;prob 0.236 < seuil 0.323;;;;;;;;;;;;;-0.00444;-0.041;-0.0619;;;;;-0.0619;complet
2026-07-31T11:48:38-04:00;America/New_York;11fa6982d2cf3659;A;PBR;yahoo;19.145;0.2359;0.323;0.2102;1.122;0.908;rejet_prob;prob 0.236 < seuil 0.323;call;19.5;2026-08-21;21.0;0.42;0.48;0.45;0.3389;0.439;-0.0156;0.0181;48.0;-0.00444;-0.041;-0.0619;0.26;0.2;0.07;-0.859;-0.0619;complet
2026-07-31T11:48:38-04:00;America/New_York;11fa6982d2cf3659;scan;GOLD;yahoo;40.835;0.1562;0.323;0.1901;0.822;-0.112;rejet_prob;prob 0.156 < seuil 0.323;;;;;;;;;;;;;0.03171;0.0611;0.06551;;;;;-0.06551;complet
2026-07-31T11:48:39-04:00;America/New_York;11fa6982d2cf3659;scan;CLF;yahoo;11.655;0.1781;0.323;0.0923;1.93;0.444;rejet_prob;prob 0.178 < seuil 0.323;;;;;;;;;;;;;-0.03732;0.08537;0.05191;;;;;0.05191;complet
2026-07-31T11:48:39-04:00;America/New_York;11fa6982d2cf3659;A;CLF;yahoo;11.655;0.1781;0.323;0.0923;1.93;0.444;rejet_prob;prob 0.178 < seuil 0.323;call;12.5;2026-08-21;21.0;0.41;0.46;0.435;0.666;0.366;-0.0172;0.0105;46.0;-0.03732;0.08537;0.05191;0.44;0.64;0.57;0.1736;0.05191;complet
2026-07-31T11:48:39-04:00;America/New_York;11fa6982d2cf3659;scan;CCL;yahoo;27.675;0.3001;0.323;0.2295;1.308;0.2;rejet_prob;prob 0.300 < seuil 0.323;;;;;;;;;;;;;0.03848;0.07209;0.04752;;;;;0.04752;complet
2026-07-31T11:48:40-04:00;America/New_York;11fa6982d2cf3659;scan;RIOT;yahoo;20.645;0.0341;0.323;0.0905;0.377;-0.018;rejet_prob;prob 0.034 < seuil 0.323;;;;;;;;;;;;;0.03754;0.04141;-0.00605;;;;;0.00605;complet
2026-07-31T11:48:40-04:00;America/New_York;11fa6982d2cf3659;scan;TLRY;yahoo;4.35;0.3863;0.323;0.4678;0.826;0.298;rejet_ratio;options déjà chères : ratio 0.83 < 1.5 (p_implicite 0.468);;;;;;;;;;;;;0.06667;0.01839;0.05057;;;;;0.05057;complet
2026-07-31T11:48:41-04:00;America/New_York;11fa6982d2cf3659;scan;BAC;yahoo;62.095;0.2253;0.323;0.1429;1.577;0.057;rejet_prob;prob 0.225 < seuil 0.323;;;;;;;;;;;;;0.0062;0.0186;0.01731;;;;;0.01731;complet
2026-07-31T11:48:41-04:00;America/New_York;11fa6982d2cf3659;scan;AGNC;yahoo;10.6838;0.2068;0.323;0.1102;1.877;-0.43;rejet_prob;prob 0.207 < seuil 0.323;;;;;;;;;;;;;-0.0041;-0.00129;0.01462;;;;;-0.01462;complet
2026-07-31T11:48:41-04:00;America/New_York;11fa6982d2cf3659;A;AGNC;yahoo;10.6838;0.2068;0.323;0.1102;1.877;-0.43;rejet_prob;prob 0.207 < seuil 0.323;put;10.5;2026-08-21;21.0;0.14;0.18;0.16;0.252;0.359;-0.0053;0.0096;18.0;-0.0041;-0.00129;0.01462;0.1;0.1;0.06;-0.5686;-0.01462;complet
2026-07-31T11:48:41-04:00;America/New_York;11fa6982d2cf3659;scan;KVUE;yahoo;19.335;0.2307;0.323;0.6066;0.38;-0.356;rejet_prob;prob 0.231 < seuil 0.323;;;;;;;;;;;;;-0.01681;0.01733;-0.00543;;;;;0.00543;complet
2026-07-31T11:48:41-04:00;America/New_York;11fa6982d2cf3659;A;KVUE;yahoo;19.335;0.2307;0.323;0.6066;0.38;-0.356;rejet_prob;prob 0.231 < seuil 0.323;put;19.0;2026-08-21;21.0;0.37;0.49;0.43;0.3428;0.388;-0.0135;0.0178;49.0;-0.01681;0.01733;-0.00543;0.25;0.35;0.18;-0.2026;0.00543;complet
2026-08-03T12:07:50-04:00;America/New_York;11fa6982d2cf3659;scan;AAPL;yahoo;304.87;0.1189;0.323;0.0313;3.799;-0.04;rejet_prob;prob 0.119 < seuil 0.323;;;;;;;;;;;;;0.01479;0.02473;0.01112;;;;;-0.01112;complet
2026-08-03T12:07:51-04:00;America/New_York;11fa6982d2cf3659;scan;NVDA;yahoo;206.745;0.1729;0.323;0.1573;1.099;0.436;rejet_prob;prob 0.173 < seuil 0.323;;;;;;;;;;;;;0.02513;0.05923;0.05226;;;;;0.05226;complet
2026-08-03T12:07:52-04:00;America/New_York;11fa6982d2cf3659;scan;TSLA;yahoo;323.47;0.0168;0.323;0.0229;0.734;-0.223;rejet_prob;prob 0.017 < seuil 0.323;;;;;;;;;;;;;0.01199;-0.01218;0.02291;;;;;-0.02291;complet
2026-08-03T12:07:53-04:00;America/New_York;11fa6982d2cf3659;scan;AMD;yahoo;481.19;0.1662;0.323;0.1255;1.324;-0.047;rejet_prob;prob 0.166 < seuil 0.323;;;;;;;;;;;;;0.0777;0.01681;-0.02417;;;;;0.02417;complet
2026-08-03T12:07:54-04:00;America/New_York;11fa6982d2cf3659;scan;META;yahoo;592.7701;0.11;0.323;0.03;3.667;0.056;rejet_prob;prob 0.110 < seuil 0.323;;;;;;;;;;;;;-0.00815;-0.00484;0.00363;;;;;0.00363;complet
2026-08-03T12:07:56-04:00;America/New_York;11fa6982d2cf3659;scan;SPY;yahoo;755.965;0.3708;0.323;0.112;3.311;-0.102;signal_sans_direction;mouvement probable mais aucune direction claire : pas de trade;;;;;;;;;;;;;0.02033;0.01666;0.02257;;;;;-0.02257;complet
2026-08-03T12:07:57-04:00;America/New_York;11fa6982d2cf3659;scan;QQQ;yahoo;697.83;0.3246;0.323;0.1007;3.223;-0.306;signal_sans_direction;mouvement probable mais aucune direction claire : pas de trade;;;;;;;;;;;;;0.03729;0.0241;0.03302;;;;;-0.03302;complet
2026-08-03T12:07:58-04:00;America/New_York;11fa6982d2cf3659;scan;COIN;yahoo;148.92;0.0902;0.323;0.1319;0.684;-0.17;rejet_prob;prob 0.090 < seuil 0.323;;;;;;;;;;;;;0.01215;-0.02357;-0.00161;;;;;0.00161;complet
2026-08-03T12:07:59-04:00;America/New_York;11fa6982d2cf3659;scan;PLTR;yahoo;125.3099;0.2048;0.323;0.3538;0.579;0.041;rejet_prob;prob 0.205 < seuil 0.323;;;;;;;;;;;;;0.29806;0.24428;0.39837;;;;;0.39837;complet
2026-08-03T12:08:00-04:00;America/New_York;11fa6982d2cf3659;scan;SOFI;yahoo;17.5216;0.0846;0.323;0.0446;1.897;0.215;rejet_prob;prob 0.085 < seuil 0.323;;;;;;;;;;;;;0.06725;0.03301;0.03415;;;;;0.03415;complet
2026-08-03T12:08:01-04:00;America/New_York;11fa6982d2cf3659;scan;MARA;yahoo;11.8;0.0315;0.323;0.103;0.306;0.219;rejet_prob;prob 0.032 < seuil 0.323;;;;;;;;;;;;;-0.00424;-0.09746;-0.18983;;;;;-0.18983;complet
2026-08-03T12:08:02-04:00;America/New_York;11fa6982d2cf3659;scan;F;yahoo;14.6;0.2991;0.323;0.2673;1.119;0.232;rejet_prob;prob 0.299 < seuil 0.323;;;;;;;;;;;;;-0.02466;-0.05548;-0.0411;;;;;-0.0411;complet
2026-08-03T12:08:03-04:00;America/New_York;11fa6982d2cf3659;scan;T;yahoo;23.5169;0.0878;0.323;0.0961;0.914;0.566;rejet_prob;prob 0.088 < seuil 0.323;;;;;;;;;;;;;-0.00582;0.00821;0.02267;;;;;0.02267;complet
2026-08-03T12:08:03-04:00;America/New_York;11fa6982d2cf3659;A;T;yahoo;23.5169;0.0878;0.323;0.0961;0.914;0.566;rejet_prob;prob 0.088 < seuil 0.323;call;24.0;2026-08-28;25.0;0.47;0.51;0.49;0.2871;0.424;-0.015;0.0241;51.0;-0.00582;0.00821;0.02267;0.22;0.42;0.63;0.3006;0.02267;complet
2026-08-03T12:08:04-04:00;America/New_York;11fa6982d2cf3659;scan;PFE;yahoo;24.915;0.3927;0.323;0.372;1.056;0.411;rejet_ratio;options déjà chères : ratio 1.06 < 1.5 (p_implicite 0.372);;;;;;;;;;;;;0.01987;0.05158;0.08569;;;;;0.08569;complet
2026-08-03T12:08:04-04:00;America/New_York;11fa6982d2cf3659;A;PFE;yahoo;24.915;0.3927;0.323;0.372;1.056;0.411;rejet_ratio;options déjà chères : ratio 1.06 < 1.5 (p_implicite 0.372);call;25.5;2026-08-28;25.0;0.42;0.48;0.45;0.2734;0.403;-0.015;0.0252;48.0;0.01987;0.05158;0.08569;0.53;1.06;1.23;2.6189;0.08569;complet
2026-08-03T12:08:04-04:00;America/New_York;11fa6982d2cf3659;scan;AAL;yahoo;15.965;0.0922;0.323;0.0598;1.542;0.225;rejet_prob;prob 0.092 < seuil 0.323;;;;;;;;;;;;;0.03727;0.00407;-0.06044;;;;;-0.06044;complet
2026-08-03T12:08:05-04:00;America/New_York;11fa6982d2cf3659;scan;NIO;yahoo;4.835;0.5271;0.323;0.4653;1.133;0.312;rejet_ratio;options déjà chères : ratio 1.13 < 1.5 (p_implicite 0.465);;;;;;;;;;;;;-0.01551;-0.0486;-0.0031;;;;;-0.0031;complet
2026-08-03T12:08:07-04:00;America/New_York;11fa6982d2cf3659;scan;INTC;yahoo;90.36;0.1703;0.323;0.1301;1.309;-0.098;rejet_prob;prob 0.170 < seuil 0.323;;;;;;;;;;;;;0.1162;0.10458;0.07924;;;;;-0.07924;complet
2026-08-03T12:08:08-04:00;America/New_York;11fa6982d2cf3659;scan;PLUG;yahoo;2.07;0.2827;0.323;0.3629;0.779;0.09;rejet_prob;prob 0.283 < seuil 0.323;;;;;;;;;;;;;0.04348;-0.0;0.01932;;;;;0.01932;complet
2026-08-03T12:08:09-04:00;America/New_York;11fa6982d2cf3659;scan;RIVN;yahoo;15.605;0.0184;0.323;0.0133;1.383;0.066;rejet_prob;prob 0.018 < seuil 0.323;;;;;;;;;;;;;0.00993;-0.01442;0.0503;;;;;0.0503;complet
2026-08-03T12:08:09-04:00;America/New_York;11fa6982d2cf3659;C;RIVN;yahoo;15.605;0.0184;0.323;0.0133;1.383;0.066;controle_aleatoire;contrôle apparié, direction aléatoire baisse;put;15.0;2026-08-28;25.0;0.69;0.73;0.71;0.6035;0.364;-0.0177;0.0153;73.0;0.00993;-0.01442;0.0503;0.64;0.42;0.23;-0.574;0.0503;complet
2026-08-03T12:08:10-04:00;America/New_York;11fa6982d2cf3659;scan;LCID;yahoo;7.615;0.0177;0.323;0.0342;0.518;0.383;rejet_prob;prob 0.018 < seuil 0.323;;;;;;;;;;;;;0.02167;-0.08339;-0.13198;;;;;-0.13198;complet
2026-08-03T12:08:10-04:00;America/New_York;11fa6982d2cf3659;A;LCID;yahoo;7.615;0.0177;0.323;0.0342;0.518;0.383;rejet_prob;prob 0.018 < seuil 0.323;call;8.5;2026-08-28;25.0;0.43;0.62;0.525;1.0527;0.401;-0.0165;0.0077;62.0;0.02167;-0.08339;-0.13198;0.09;0.11;;-0.7939;-0.13198;complet
2026-08-03T12:08:10-04:00;America/New_York;11fa6982d2cf3659;scan;SNAP;yahoo;4.98;0.3435;0.323;0.6189;0.555;0.792;rejet_ratio;options déjà chères : ratio 0.56 < 1.5 (p_implicite 0.619);;;;;;;;;;;;;0.16265;0.04819;0.0743;;;;;0.0743;complet
2026-08-03T12:08:10-04:00;America/New_York;11fa6982d2cf3659;A;SNAP;yahoo;4.98;0.3435;0.323;0.6189;0.555;0.792;rejet_ratio;options déjà chères : ratio 0.56 < 1.5 (p_implicite 0.619);call;5.5;2026-08-28;25.0;0.25;0.28;0.265;0.8633;0.377;-0.0087;0.005;28.0;0.16265;0.04819;0.0743;0.25;0.17;0.23;0.2448;0.0743;complet
2026-08-03T12:08:11-04:00;America/New_York;11fa6982d2cf3659;scan;WBD;yahoo;26.265;0.1148;0.323;0.7534;0.152;0.368;rejet_prob;prob 0.115 < seuil 0.323;;;;;;;;;;;;;-0.01808;0.00514;0.02303;;;;;0.02303;complet
2026-08-03T12:08:12-04:00;America/New_York;11fa6982d2cf3659;scan;VALE;yahoo;14.535;0.2483;0.323;0.1397;1.777;-0.119;rejet_prob;prob 0.248 < seuil 0.323;;;;;;;;;;;;;0.0203;0.01273;0.02442;;;;;-0.02442;complet
2026-08-03T12:08:13-04:00;America/New_York;11fa6982d2cf3659;scan;PBR;yahoo;19.175;0.1553;0.323;0.2722;0.571;0.769;rejet_prob;prob 0.155 < seuil 0.323;;;;;;;;;;;;;-0.02373;-0.03416;-0.04407;;;;;-0.04407;complet
2026-08-03T12:08:13-04:00;America/New_York;11fa6982d2cf3659;A;PBR;yahoo;19.175;0.1553;0.323;0.2722;0.571;0.769;rejet_prob;prob 0.155 < seuil 0.323;call;20.0;2026-08-28;25.0;0.29;0.38;0.335;0.3447;0.349;-0.0136;0.0186;38.0;-0.02373;-0.03416;-0.04407;0.15;0.06;;-0.741;-0.04407;complet
2026-08-03T12:08:14-04:00;America/New_York;11fa6982d2cf3659;scan;GOLD;yahoo;41.105;0.2081;0.323;0.2117;0.983;-0.091;rejet_prob;prob 0.208 < seuil 0.323;;;;;;;;;;;;;0.03856;0.02226;0.05754;;;;;-0.05754;complet
2026-08-03T12:08:15-04:00;America/New_York;11fa6982d2cf3659;scan;CLF;yahoo;11.165;0.1539;0.323;0.0946;1.627;0.197;rejet_prob;prob 0.154 < seuil 0.323;;;;;;;;;;;;;0.10255;0.09539;0.11867;;;;;0.11867;complet
2026-08-03T12:08:16-04:00;America/New_York;11fa6982d2cf3659;scan;CCL;yahoo;28.245;0.2247;0.323;0.2402;0.935;0.344;rejet_prob;prob 0.225 < seuil 0.323;;;;;;;;;;;;;0.04762;0.0193;-0.01753;;;;;-0.01753;complet
2026-08-03T12:08:16-04:00;America/New_York;11fa6982d2cf3659;A;CCL;yahoo;28.245;0.2247;0.323;0.2402;0.935;0.344;rejet_prob;prob 0.225 < seuil 0.323;call;29.0;2026-08-28;25.0;0.99;1.07;1.03;0.4648;0.448;-0.0286;0.0292;107.0;0.04762;0.0193;-0.01753;1.66;0.8;0.6;-0.3755;-0.01753;complet
2026-08-03T12:08:17-04:00;America/New_York;11fa6982d2cf3659;scan;RIOT;yahoo;21.19;0.0121;0.323;0.0807;0.15;0.051;rejet_prob;prob 0.012 < seuil 0.323;;;;;;;;;;;;;0.01746;0.00094;-0.08447;;;;;-0.08447;complet
2026-08-03T12:08:18-04:00;America/New_York;11fa6982d2cf3659;scan;TLRY;yahoo;4.745;0.3824;0.323;0.4447;0.86;0.807;rejet_ratio;options déjà chères : ratio 0.86 < 1.5 (p_implicite 0.445);;;;;;;;;;;;;-0.02213;-0.06428;-0.06849;;;;;-0.06849;complet
2026-08-03T12:08:18-04:00;America/New_York;11fa6982d2cf3659;A;TLRY;yahoo;4.745;0.3824;0.323;0.4447;0.86;0.807;rejet_ratio;options déjà chères : ratio 0.86 < 1.5 (p_implicite 0.445);call;5.0;2026-08-28;25.0;0.32;0.36;0.34;0.8828;0.461;-0.0089;0.0049;36.0;-0.02213;-0.06428;-0.06849;0.14;0.15;0.13;-0.582;-0.06849;complet
2026-08-03T12:08:19-04:00;America/New_York;11fa6982d2cf3659;scan;BAC;yahoo;62.085;0.1898;0.323;0.1675;1.133;0.081;rejet_prob;prob 0.190 < seuil 0.323;;;;;;;;;;;;;0.01313;0.01474;0.02859;;;;;0.02859;complet
2026-08-03T12:08:20-04:00;America/New_York;11fa6982d2cf3659;scan;AGNC;yahoo;10.67;0.161;0.323;0.1417;1.136;-0.273;rejet_prob;prob 0.161 < seuil 0.323;;;;;;;;;;;;;-0.00281;-0.00562;0.00843;;;;;-0.00843;complet
2026-08-03T12:08:21-04:00;America/New_York;11fa6982d2cf3659;scan;KVUE;yahoo;19.325;0.2149;0.323;0.2887;0.744;-0.144;rejet_prob;prob 0.215 < seuil 0.323;;;;;;;;;;;;;0.01164;-0.0075;-0.01527;;;;;0.01527;complet
2026-08-04T12:01:02-04:00;America/New_York;11fa6982d2cf3659;scan;AAPL;yahoo;306.25;0.1154;0.323;0.0249;4.635;0.07;rejet_prob;prob 0.115 < seuil 0.323;;;;;;;;;;;;;0.01551;0.02312;;;;;;;en_attente
2026-08-04T12:01:03-04:00;America/New_York;11fa6982d2cf3659;scan;NVDA;yahoo;210.69;0.0733;0.323;0.1395;0.525;0.495;rejet_prob;prob 0.073 < seuil 0.323;;;;;;;;;;;;;0.04049;0.06298;;;;;;;en_attente
2026-08-04T12:01:04-04:00;America/New_York;11fa6982d2cf3659;scan;TSLA;yahoo;324.55;0.01;0.323;0.0237;0.422;-0.047;rejet_prob;prob 0.010 < seuil 0.323;;;;;;;;;;;;;-0.00924;0.01242;;;;;;;en_attente
2026-08-04T12:01:05-04:00;America/New_York;11fa6982d2cf3659;scan;AMD;yahoo;524.57;0.1419;0.323;0.1116;1.272;0.4;rejet_prob;prob 0.142 < seuil 0.323;;;;;;;;;;;;;-0.08106;-0.07856;;;;;;;en_attente
2026-08-04T12:01:06-04:00;America/New_York;11fa6982d2cf3659;scan;META;yahoo;583.75;0.1439;0.323;0.0306;4.703;0.016;rejet_prob;prob 0.144 < seuil 0.323;;;;;;;;;;;;;0.0086;0.0143;;;;;;;en_attente
2026-08-04T12:01:07-04:00;America/New_York;11fa6982d2cf3659;scan;SPY;yahoo;768.71;0.2846;0.323;0.1026;2.774;0.095;rejet_prob;prob 0.285 < seuil 0.323;;;;;;;;;;;;;0.0014;0.00592;;;;;;;en_attente
2026-08-04T12:01:08-04:00;America/New_York;11fa6982d2cf3659;scan;QQQ;yahoo;719.32;0.1517;0.323;0.0947;1.602;0.283;rejet_prob;prob 0.152 < seuil 0.323;;;;;;;;;;;;;-0.00281;0.00516;;;;;;;en_attente
2026-08-04T12:01:09-04:00;America/New_York;11fa6982d2cf3659;scan;COIN;yahoo;151.76;0.0966;0.323;0.1503;0.643;0.013;rejet_prob;prob 0.097 < seuil 0.323;;;;;;;;;;;;;-0.01232;0.01212;;;;;;;en_attente
2026-08-04T12:01:09-04:00;America/New_York;11fa6982d2cf3659;scan;PLTR;yahoo;158.71;0.0202;0.323;0.0047;2.02;0.703;rejet_prob;prob 0.020 < seuil 0.323;;;;;;;;;;;;;-0.00176;0.0838;;;;;;;en_attente
2026-08-04T12:01:10-04:00;America/New_York;11fa6982d2cf3659;scan;SOFI;yahoo;18.4301;0.0437;0.323;0.0312;1.401;0.422;rejet_prob;prob 0.044 < seuil 0.323;;;;;;;;;;;;;-0.00977;-0.00272;;;;;;;en_attente
2026-08-04T12:01:10-04:00;America/New_York;11fa6982d2cf3659;A;SOFI;yahoo;18.4301;0.0437;0.323;0.0312;1.401;0.422;rejet_prob;prob 0.044 < seuil 0.323;call;19.5;2026-08-28;24.0;0.55;0.58;0.565;0.5098;0.366;-0.0196;0.0178;58.0;-0.00977;-0.00272;;0.49;0.3;;;;en_attente
2026-08-04T12:01:10-04:00;America/New_York;11fa6982d2cf3659;scan;MARA;yahoo;11.705;0.0182;0.323;0.1009;0.18;0.186;rejet_prob;prob 0.018 < seuil 0.323;;;;;;;;;;;;;-0.03973;-0.13798;;;;;;;en_attente
2026-08-04T12:01:11-04:00;America/New_York;11fa6982d2cf3659;scan;F;yahoo;14.17;0.2387;0.323;0.2523;0.946;0.261;rejet_prob;prob 0.239 < seuil 0.323;;;;;;;;;;;;;-0.00282;-0.01341;;;;;;;en_attente
2026-08-04T12:01:12-04:00;America/New_York;11fa6982d2cf3659;scan;T;yahoo;23.18;0.1001;0.323;0.1042;0.961;0.262;rejet_prob;prob 0.100 < seuil 0.323;;;;;;;;;;;;;-0.00518;0.02632;;;;;;;en_attente
2026-08-04T12:01:13-04:00;America/New_York;11fa6982d2cf3659;scan;PFE;yahoo;25.595;0.3082;0.323;0.3255;0.947;0.485;rejet_prob;prob 0.308 < seuil 0.323;;;;;;;;;;;;;0.0084;0.04552;;;;;;;en_attente
2026-08-04T12:01:13-04:00;America/New_York;11fa6982d2cf3659;A;PFE;yahoo;25.595;0.3082;0.323;0.3255;0.947;0.485;rejet_prob;prob 0.308 < seuil 0.323;call;26.0;2026-08-28;24.0;0.36;0.41;0.385;0.2192;0.421;-0.013;0.0257;41.0;0.0084;0.04552;;0.47;1.04;;;;en_attente
2026-08-04T12:01:14-04:00;America/New_York;11fa6982d2cf3659;scan;AAL;yahoo;16.45;0.0674;0.323;0.0723;0.932;0.271;rejet_prob;prob 0.067 < seuil 0.323;;;;;;;;;;;;;0.0079;-0.031;;;;;;;en_attente
2026-08-04T12:01:14-04:00;America/New_York;11fa6982d2cf3659;scan;NIO;yahoo;4.795;0.3729;0.323;0.4877;0.765;0.375;rejet_ratio;options déjà chères : ratio 0.77 < 1.5 (p_implicite 0.488);;;;;;;;;;;;;-0.03024;-0.01147;;;;;;;en_attente
2026-08-04T12:01:14-04:00;America/New_York;11fa6982d2cf3659;A;NIO;yahoo;4.795;0.3729;0.323;0.4877;0.765;0.375;rejet_ratio;options déjà chères : ratio 0.77 < 1.5 (p_implicite 0.488);call;5.0;2026-08-28;24.0;0.17;0.2;0.185;0.5391;0.416;-0.0056;0.0048;20.0;-0.03024;-0.01147;;0.1;0.12;;;;en_attente
2026-08-04T12:01:15-04:00;America/New_York;11fa6982d2cf3659;scan;INTC;yahoo;99.8505;0.1069;0.323;0.1446;0.739;0.21;rejet_prob;prob 0.107 < seuil 0.323;;;;;;;;;;;;;0.01211;0.01802;;;;;;;en_attente
2026-08-04T12:01:16-04:00;America/New_York;11fa6982d2cf3659;scan;PLUG;yahoo;2.16;0.2783;0.323;0.4272;0.651;0.244;rejet_prob;prob 0.278 < seuil 0.323;;;;;;;;;;;;;-0.02778;0.00926;;;;;;;en_attente
2026-08-04T12:01:16-04:00;America/New_York;11fa6982d2cf3659;scan;RIVN;yahoo;15.835;0.0828;0.323;0.1032;0.802;0.034;rejet_prob;prob 0.083 < seuil 0.323;;;;;;;;;;;;;-0.01737;0.01042;;;;;;;en_attente
2026-08-04T12:01:17-04:00;America/New_York;11fa6982d2cf3659;scan;LCID;yahoo;7.69;0.01;0.323;0.0727;0.138;0.623;rejet_prob;prob 0.010 < seuil 0.323;;;;;;;;;;;;;-0.12874;-0.08453;;;;;;;en_attente
2026-08-04T12:01:17-04:00;America/New_York;11fa6982d2cf3659;A;LCID;yahoo;7.69;0.01;0.323;0.0727;0.138;0.623;rejet_prob;prob 0.010 < seuil 0.323;call;8.5;2026-08-28;24.0;0.55;0.66;0.605;1.1367;0.426;-0.0186;0.0077;66.0;-0.12874;-0.08453;;0.1;;;;;en_attente
2026-08-04T12:01:17-04:00;America/New_York;11fa6982d2cf3659;scan;SNAP;yahoo;5.755;0.1406;0.323;0.1022;1.376;0.764;rejet_prob;prob 0.141 < seuil 0.323;;;;;;;;;;;;;-0.07385;-0.07385;;;;;;;en_attente
2026-08-04T12:01:17-04:00;America/New_York;11fa6982d2cf3659;A;SNAP;yahoo;5.755;0.1406;0.323;0.1022;1.376;0.764;rejet_prob;prob 0.141 < seuil 0.323;call;6.0;2026-08-28;24.0;0.24;0.28;0.26;0.6016;0.431;-0.0075;0.0058;28.0;-0.07385;-0.07385;;0.07;0.05;;;;en_attente
2026-08-04T12:01:18-04:00;America/New_York;11fa6982d2cf3659;scan;WBD;yahoo;26.015;0.0963;0.323;0.7649;0.126;0.304;rejet_prob;prob 0.096 < seuil 0.323;;;;;;;;;;;;;-0.00173;0.02941;;;;;;;en_attente
2026-08-04T12:01:19-04:00;America/New_York;11fa6982d2cf3659;scan;VALE;yahoo;14.87;0.1949;0.323;0.1369;1.424;0.027;rejet_prob;prob 0.195 < seuil 0.323;;;;;;;;;;;;;0.00471;-0.01076;;;;;;;en_attente
2026-08-04T12:01:20-04:00;America/New_York;11fa6982d2cf3659;scan;PBR;yahoo;18.74;0.1343;0.323;0.2515;0.534;0.465;rejet_prob;prob 0.134 < seuil 0.323;;;;;;;;;;;;;-0.02028;-0.04162;;;;;;;en_attente
2026-08-04T12:01:20-04:00;America/New_York;11fa6982d2cf3659;A;PBR;yahoo;18.74;0.1343;0.323;0.2515;0.534;0.465;rejet_prob;prob 0.134 < seuil 0.323;call;19.5;2026-08-28;24.0;0.3;0.44;0.37;0.3809;0.371;-0.0152;0.0182;44.0;-0.02028;-0.04162;;0.24;;;;;en_attente
2026-08-04T12:01:20-04:00;America/New_York;11fa6982d2cf3659;C;PBR;yahoo;18.74;0.1343;0.323;0.2515;0.534;0.465;controle_aleatoire;contrôle apparié, direction aléatoire hausse;call;19.5;2026-08-28;24.0;0.3;0.44;0.37;0.3809;0.371;-0.0152;0.0182;44.0;-0.02028;-0.04162;;0.24;;;;;en_attente
2026-08-04T12:01:20-04:00;America/New_York;11fa6982d2cf3659;scan;GOLD;yahoo;43.62;0.1547;0.323;0.1061;1.458;0.36;rejet_prob;prob 0.155 < seuil 0.323;;;;;;;;;;;;;-0.00665;-0.00252;;;;;;;en_attente
2026-08-04T12:01:20-04:00;America/New_York;11fa6982d2cf3659;A;GOLD;yahoo;43.62;0.1547;0.323;0.1061;1.458;0.36;rejet_prob;prob 0.155 < seuil 0.323;call;45.0;2026-08-21;17.0;0.85;1.0;0.925;0.4067;0.387;-0.0451;0.036;100.0;-0.00665;-0.00252;;0.55;0.6;;;;en_attente
2026-08-04T12:01:21-04:00;America/New_York;11fa6982d2cf3659;scan;CLF;yahoo;11.975;0.1669;0.323;0.096;1.739;0.739;rejet_prob;prob 0.167 < seuil 0.323;;;;;;;;;;;;;0.05637;0.0238;;;;;;;en_attente
2026-08-04T12:01:21-04:00;America/New_York;11fa6982d2cf3659;A;CLF;yahoo;11.975;0.1669;0.323;0.096;1.739;0.739;rejet_prob;prob 0.167 < seuil 0.323;call;12.5;2026-08-28;24.0;0.57;0.61;0.59;0.6475;0.437;-0.0169;0.0121;61.0;0.05637;0.0238;;0.78;0.71;;;;en_attente
2026-08-04T12:01:22-04:00;America/New_York;11fa6982d2cf3659;scan;CCL;yahoo;29.825;0.1957;0.323;0.2518;0.777;0.389;rejet_prob;prob 0.196 < seuil 0.323;;;;;;;;;;;;;-0.0052;-0.028;;;;;;;en_attente
2026-08-04T12:01:22-04:00;America/New_York;11fa6982d2cf3659;A;CCL;yahoo;29.825;0.1957;0.323;0.2518;0.777;0.389;rejet_prob;prob 0.196 < seuil 0.323;call;31.0;2026-08-28;24.0;0.83;0.89;0.86;0.4414;0.398;-0.0285;0.0295;89.0;-0.0052;-0.028;;0.5;0.14;;;;en_attente
2026-08-04T12:01:22-04:00;America/New_York;11fa6982d2cf3659;scan;RIOT;yahoo;21.955;0.017;0.323;0.0919;0.185;0.552;rejet_prob;prob 0.017 < seuil 0.323;;;;;;;;;;;;;-0.02072;-0.06536;;;;;;;en_attente
2026-08-04T12:01:22-04:00;America/New_York;11fa6982d2cf3659;A;RIOT;yahoo;21.955;0.017;0.323;0.0919;0.185;0.552;rejet_prob;prob 0.017 < seuil 0.323;call;25.0;2026-08-28;24.0;1.26;1.5;1.38;1.0762;0.374;-0.0487;0.0213;150.0;-0.02072;-0.06536;;1.23;0.44;;;;en_attente
2026-08-04T12:01:23-04:00;America/New_York;11fa6982d2cf3659;scan;TLRY;yahoo;4.525;0.3314;0.323;0.552;0.6;0.324;rejet_ratio;options déjà chères : ratio 0.60 < 1.5 (p_implicite 0.552);;;;;;;;;;;;;-0.02099;0.00994;;;;;;;en_attente
2026-08-04T12:01:23-04:00;America/New_York;11fa6982d2cf3659;A;TLRY;yahoo;4.525;0.3314;0.323;0.552;0.6;0.324;rejet_ratio;options déjà chères : ratio 0.60 < 1.5 (p_implicite 0.552);call;5.0;2026-08-28;24.0;0.18;0.25;0.215;0.8242;0.362;-0.0076;0.0043;25.0;-0.02099;0.00994;;0.12;0.12;;;;en_attente
2026-08-04T12:01:24-04:00;America/New_York;11fa6982d2cf3659;scan;BAC;yahoo;63.345;0.2132;0.323;0.1515;1.407;0.356;rejet_prob;prob 0.213 < seuil 0.323;;;;;;;;;;;;;-0.0015;-0.00276;;;;;;;en_attente
2026-08-04T12:01:24-04:00;America/New_York;11fa6982d2cf3659;A;BAC;yahoo;63.345;0.2132;0.323;0.1515;1.407;0.356;rejet_prob;prob 0.213 < seuil 0.323;call;65.0;2026-08-28;24.0;0.71;0.75;0.73;0.2131;0.348;-0.0293;0.06;75.0;-0.0015;-0.00276;;0.48;0.64;;;;en_attente
2026-08-04T12:01:24-04:00;America/New_York;11fa6982d2cf3659;scan;AGNC;yahoo;10.715;0.1006;0.323;0.1673;0.601;-0.068;rejet_prob;prob 0.101 < seuil 0.323;;;;;;;;;;;;;-0.0042;0.01167;;;;;;;en_attente
2026-08-04T12:01:25-04:00;America/New_York;11fa6982d2cf3659;scan;KVUE;yahoo;19.165;0.2223;0.323;0.4798;0.463;-0.136;rejet_prob;prob 0.222 < seuil 0.323;;;;;;;;;;;;;0.02635;0.00339;;;;;;;en_attente
2026-08-05T11:50:06-04:00;America/New_York;11fa6982d2cf3659;scan;AAPL;yahoo;308.025;0.181;0.323;0.0234;7.735;0.089;rejet_prob;prob 0.181 < seuil 0.323;;;;;;;;;;;;;0.01424;0.00076;;;;;;;en_attente
2026-08-05T11:50:07-04:00;America/New_York;11fa6982d2cf3659;scan;NVDA;yahoo;219.72;0.0597;0.323;0.1399;0.427;0.601;rejet_prob;prob 0.060 < seuil 0.323;;;;;;;;;;;;;-0.00332;-0.00988;;;;;;;en_attente
2026-08-05T11:50:07-04:00;America/New_York;11fa6982d2cf3659;scan;TSLA;yahoo;322.875;0.0054;0.323;0.0184;0.293;-0.078;rejet_prob;prob 0.005 < seuil 0.323;;;;;;;;;;;;;-0.01036;0.02479;;;;;;;en_attente
2026-08-05T11:50:08-04:00;America/New_York;11fa6982d2cf3659;scan;AMD;yahoo;485.0823;0.1279;0.323;0.0556;2.3;0.054;rejet_prob;prob 0.128 < seuil 0.323;;;;;;;;;;;;;0.00865;-0.032;;;;;;;en_attente
2026-08-05T11:50:09-04:00;America/New_York;11fa6982d2cf3659;scan;META;yahoo;584.155;0.1342;0.323;0.025;5.368;0.17;rejet_prob;prob 0.134 < seuil 0.323;;;;;;;;;;;;;0.00983;0.01843;;;;;;;en_attente
2026-08-05T11:50:09-04:00;America/New_York;11fa6982d2cf3659;scan;SPY;yahoo;771.4351;0.1477;0.323;0.1093;1.351;0.096;rejet_prob;prob 0.148 < seuil 0.323;;;;;;;;;;;;;-0.00373;0.00207;;;;;;;en_attente
2026-08-05T11:50:10-04:00;America/New_York;11fa6982d2cf3659;scan;QQQ;yahoo;721.8392;0.1473;0.323;0.0684;2.154;0.144;rejet_prob;prob 0.147 < seuil 0.323;;;;;;;;;;;;;-0.00996;-0.00134;;;;;;;en_attente
2026-08-05T11:50:11-04:00;America/New_York;11fa6982d2cf3659;scan;COIN;yahoo;149.5101;0.1264;0.323;0.1303;0.97;-0.256;rejet_prob;prob 0.126 < seuil 0.323;;;;;;;;;;;;;-0.02742;-0.00555;;;;;;;en_attente
2026-08-05T11:50:11-04:00;America/New_York;11fa6982d2cf3659;scan;PLTR;yahoo;159.63;0.01;0.323;0.0009;1.0;0.683;rejet_prob;prob 0.010 < seuil 0.323;;;;;;;;;;;;;-0.02324;0.09773;;;;;;;en_attente
2026-08-05T11:50:12-04:00;America/New_York;11fa6982d2cf3659;scan;SOFI;yahoo;18.48;0.0554;0.323;0.0336;1.649;0.385;rejet_prob;prob 0.055 < seuil 0.323;;;;;;;;;;;;;-0.02056;-0.01948;;;;;;;en_attente
2026-08-05T11:50:12-04:00;America/New_York;11fa6982d2cf3659;A;SOFI;yahoo;18.48;0.0554;0.323;0.0336;1.649;0.385;rejet_prob;prob 0.055 < seuil 0.323;call;19.5;2026-08-28;23.0;0.62;0.64;0.63;0.5498;0.382;-0.0219;0.0177;64.0;-0.02056;-0.01948;;0.4;0.27;;;;en_attente
2026-08-05T11:50:12-04:00;America/New_York;11fa6982d2cf3659;scan;MARA;yahoo;11.5051;0.0219;0.323;0.0962;0.228;0.129;rejet_prob;prob 0.022 < seuil 0.323;;;;;;;;;;;;;-0.07432;-0.16906;;;;;;;en_attente
2026-08-05T11:50:13-04:00;America/New_York;11fa6982d2cf3659;scan;F;yahoo;14.22;0.1895;0.323;0.2579;0.735;0.13;rejet_prob;prob 0.190 < seuil 0.323;;;;;;;;;;;;;-0.03024;-0.01547;;;;;;;en_attente
2026-08-05T11:50:13-04:00;America/New_York;11fa6982d2cf3659;scan;T;yahoo;22.915;0.0757;0.323;0.0941;0.804;0.423;rejet_prob;prob 0.076 < seuil 0.323;;;;;;;;;;;;;0.03469;0.04953;;;;;;;en_attente
2026-08-05T11:50:13-04:00;America/New_York;11fa6982d2cf3659;A;T;yahoo;22.915;0.0757;0.323;0.0941;0.804;0.423;rejet_prob;prob 0.076 < seuil 0.323;call;23.5;2026-08-28;23.0;0.37;0.43;0.4;0.2881;0.392;-0.0149;0.0221;43.0;0.03469;0.04953;;0.71;0.93;;;;en_attente
2026-08-05T11:50:14-04:00;America/New_York;11fa6982d2cf3659;scan;PFE;yahoo;25.4299;0.311;0.323;0.2779;1.119;0.538;rejet_prob;prob 0.311 < seuil 0.323;;;;;;;;;;;;;0.03028;0.06371;;;;;;;en_attente
2026-08-05T11:50:14-04:00;America/New_York;11fa6982d2cf3659;A;PFE;yahoo;25.4299;0.311;0.323;0.2779;1.119;0.538;rejet_prob;prob 0.311 < seuil 0.323;call;26.0;2026-08-28;23.0;0.32;0.35;0.335;0.2246;0.376;-0.013;0.0242;35.0;0.03028;0.06371;;0.74;1.04;;;;en_attente
2026-08-05T11:50:15-04:00;America/New_York;11fa6982d2cf3659;scan;AAL;yahoo;16.835;0.0693;0.323;0.0688;1.007;0.442;rejet_prob;prob 0.069 < seuil 0.323;;;;;;;;;;;;;-0.04782;-0.109;;;;;;;en_attente
2026-08-05T11:50:15-04:00;America/New_York;11fa6982d2cf3659;A;AAL;yahoo;16.835;0.0693;0.323;0.0688;1.007;0.442;rejet_prob;prob 0.069 < seuil 0.323;call;17.5;2026-08-28;23.0;0.55;0.72;0.635;0.5303;0.419;-0.0198;0.0165;72.0;-0.04782;-0.109;;0.16;0.06;;;;en_attente
2026-08-05T11:50:15-04:00;America/New_York;11fa6982d2cf3659;scan;NIO;yahoo;4.6863;0.4651;0.323;0.4982;0.934;0.16;rejet_ratio;options déjà chères : ratio 0.93 < 1.5 (p_implicite 0.498);;;;;;;;;;;;;-0.01842;0.02853;;;;;;;en_attente
2026-08-05T11:50:16-04:00;America/New_York;11fa6982d2cf3659;scan;INTC;yahoo;100.572;0.1155;0.323;0.1065;1.085;0.14;rejet_prob;prob 0.116 < seuil 0.323;;;;;;;;;;;;;-0.00758;-0.03035;;;;;;;en_attente
2026-08-05T11:50:16-04:00;America/New_York;11fa6982d2cf3659;scan;PLUG;yahoo;2.105;0.3034;0.323;0.3907;0.777;0.034;rejet_prob;prob 0.303 < seuil 0.323;;;;;;;;;;;;;-0.01663;0.00238;;;;;;;en_attente
2026-08-05T11:50:17-04:00;America/New_York;11fa6982d2cf3659;scan;RIVN;yahoo;15.355;0.0737;0.323;0.0732;1.007;0.03;rejet_prob;prob 0.074 < seuil 0.323;;;;;;;;;;;;;0.00163;0.0674;;;;;;;en_attente
2026-08-05T11:50:17-04:00;America/New_York;11fa6982d2cf3659;scan;LCID;yahoo;6.505;0.024;0.323;0.0216;1.111;0.545;rejet_prob;prob 0.024 < seuil 0.323;;;;;;;;;;;;;0.07302;0.01614;;;;;;;en_attente
2026-08-05T11:50:17-04:00;America/New_York;11fa6982d2cf3659;A;LCID;yahoo;6.505;0.024;0.323;0.0216;1.111;0.545;rejet_prob;prob 0.024 < seuil 0.323;call;7.0;2026-08-28;23.0;0.4;0.7;0.55;1.1211;0.456;-0.0161;0.0065;70.0;0.07302;0.01614;;0.27;0.36;;;;en_attente
2026-08-05T11:50:18-04:00;America/New_York;11fa6982d2cf3659;scan;SNAP;yahoo;5.315;0.0207;0.323;0.0551;0.376;0.555;rejet_prob;prob 0.021 < seuil 0.323;;;;;;;;;;;;;-0.01787;0.00659;;;;;;;en_attente
2026-08-05T11:50:18-04:00;America/New_York;11fa6982d2cf3659;A;SNAP;yahoo;5.315;0.0207;0.323;0.0551;0.376;0.555;rejet_prob;prob 0.021 < seuil 0.323;call;5.5;2026-08-28;23.0;0.25;0.28;0.265;0.6328;0.453;-0.0075;0.0053;28.0;-0.01787;0.00659;;0.17;0.23;;;;en_attente
2026-08-05T11:50:18-04:00;America/New_York;11fa6982d2cf3659;scan;WBD;yahoo;25.785;0.1361;0.323;0.7576;0.18;-0.187;rejet_prob;prob 0.136 < seuil 0.323;;;;;;;;;;;;;0.02385;0.04208;;;;;;;en_attente
2026-08-05T11:50:19-04:00;America/New_York;11fa6982d2cf3659;scan;VALE;yahoo;14.895;0.2177;0.323;0.2017;1.079;0.632;rejet_prob;prob 0.218 < seuil 0.323;;;;;;;;;;;;;-0.01175;-0.00034;;;;;;;en_attente
2026-08-05T11:50:19-04:00;America/New_York;11fa6982d2cf3659;A;VALE;yahoo;14.895;0.2177;0.323;0.2017;1.079;0.632;rejet_prob;prob 0.218 < seuil 0.323;call;15.5;2026-08-28;23.0;0.1;0.21;0.155;0.2891;0.318;-0.0089;0.0133;21.0;-0.01175;-0.00034;;0.05;0.04;;;;en_attente
2026-08-05T11:50:19-04:00;America/New_York;11fa6982d2cf3659;C;VALE;yahoo;14.895;0.2177;0.323;0.2017;1.079;0.632;controle_aleatoire;contrôle apparié, direction aléatoire hausse;call;15.5;2026-08-28;23.0;0.1;0.21;0.155;0.2891;0.318;-0.0089;0.0133;21.0;-0.01175;-0.00034;;0.05;0.04;;;;en_attente
2026-08-05T11:50:19-04:00;America/New_York;11fa6982d2cf3659;scan;PBR;yahoo;18.525;0.2173;0.323;0.3857;0.563;0.542;rejet_prob;prob 0.217 < seuil 0.323;;;;;;;;;;;;;-0.00027;-0.01053;;;;;;;en_attente
2026-08-05T11:50:19-04:00;America/New_York;11fa6982d2cf3659;A;PBR;yahoo;18.525;0.2173;0.323;0.3857;0.563;0.542;rejet_prob;prob 0.217 < seuil 0.323;call;19.5;2026-08-28;23.0;0.23;0.5;0.365;0.4658;0.361;-0.0184;0.0174;50.0;-0.00027;-0.01053;;;;;;;en_attente
2026-08-05T11:50:20-04:00;America/New_York;11fa6982d2cf3659;scan;GOLD;yahoo;44.13;0.1218;0.323;0.1436;0.848;0.723;rejet_prob;prob 0.122 < seuil 0.323;;;;;;;;;;;;;-0.04781;-0.01496;;;;;;;en_attente
2026-08-05T11:50:20-04:00;America/New_York;11fa6982d2cf3659;A;GOLD;yahoo;44.13;0.1218;0.323;0.1436;0.848;0.723;rejet_prob;prob 0.122 < seuil 0.323;call;45.0;2026-08-21;16.0;1.25;1.35;1.3;0.4565;0.446;-0.0544;0.0365;135.0;-0.04781;-0.01496;;0.75;0.35;;;;en_attente
2026-08-05T11:50:20-04:00;America/New_York;11fa6982d2cf3659;scan;CLF;yahoo;12.345;0.067;0.323;0.0706;0.949;0.53;rejet_prob;prob 0.067 < seuil 0.323;;;;;;;;;;;;;-0.00932;0.01175;;;;;;;en_attente
2026-08-05T11:50:20-04:00;America/New_York;11fa6982d2cf3659;A;CLF;yahoo;12.345;0.067;0.323;0.0706;0.949;0.53;rejet_prob;prob 0.067 < seuil 0.323;call;13.0;2026-08-28;23.0;0.55;0.61;0.58;0.6709;0.418;-0.0182;0.0121;61.0;-0.00932;0.01175;;0.36;0.46;;;;en_attente
2026-08-05T11:50:21-04:00;America/New_York;11fa6982d2cf3659;scan;CCL;yahoo;29.715;0.1812;0.323;0.3017;0.601;0.561;rejet_prob;prob 0.181 < seuil 0.323;;;;;;;;;;;;;-0.03113;-0.06613;;;;;;;en_attente
2026-08-05T11:50:21-04:00;America/New_York;11fa6982d2cf3659;A;CCL;yahoo;29.715;0.1812;0.323;0.3017;0.601;0.561;rejet_prob;prob 0.181 < seuil 0.323;call;31.0;2026-08-28;23.0;0.77;0.89;0.83;0.4648;0.39;-0.0302;0.0286;89.0;-0.03113;-0.06613;;0.25;0.14;;;;en_attente
2026-08-05T11:50:21-04:00;America/New_York;11fa6982d2cf3659;scan;RIOT;yahoo;22.17;0.0181;0.323;0.0887;0.204;0.446;rejet_prob;prob 0.018 < seuil 0.323;;;;;;;;;;;;;-0.0433;-0.12494;;;;;;;en_attente
2026-08-05T11:50:21-04:00;America/New_York;11fa6982d2cf3659;A;RIOT;yahoo;22.17;0.0181;0.323;0.0887;0.204;0.446;rejet_prob;prob 0.018 < seuil 0.323;call;25.0;2026-08-28;23.0;1.41;1.55;1.48;1.1074;0.389;-0.0522;0.0213;155.0;-0.0433;-0.12494;;0.72;0.38;;;;en_attente
2026-08-05T11:50:22-04:00;America/New_York;11fa6982d2cf3659;scan;TLRY;yahoo;4.435;0.292;0.323;0.5777;0.505;0.603;rejet_prob;prob 0.292 < seuil 0.323;;;;;;;;;;;;;0.00113;-0.00338;;;;;;;en_attente
2026-08-05T11:50:22-04:00;America/New_York;11fa6982d2cf3659;A;TLRY;yahoo;4.435;0.292;0.323;0.5777;0.505;0.603;rejet_prob;prob 0.292 < seuil 0.323;call;6.0;2026-08-28;23.0;0.01;0.64;0.325;1.7109;0.315;-0.0148;0.004;64.0;0.00113;-0.00338;;0.03;0.02;;;;en_attente
2026-08-05T11:50:23-04:00;America/New_York;11fa6982d2cf3659;scan;BAC;yahoo;63.2;0.1502;0.323;0.253;0.594;0.396;rejet_prob;prob 0.150 < seuil 0.323;;;;;;;;;;;;;-0.00316;0.01044;;;;;;;en_attente
2026-08-05T11:50:23-04:00;America/New_York;11fa6982d2cf3659;A;BAC;yahoo;63.2;0.1502;0.323;0.253;0.594;0.396;rejet_prob;prob 0.150 < seuil 0.323;call;64.0;2026-08-28;23.0;1.06;1.09;1.075;0.2244;0.442;-0.0339;0.0626;109.0;-0.00316;0.01044;;0.72;1.01;;;;en_attente
2026-08-05T11:50:23-04:00;America/New_York;11fa6982d2cf3659;scan;AGNC;yahoo;10.6811;0.0841;0.323;0.1189;0.707;-0.589;rejet_prob;prob 0.084 < seuil 0.323;;;;;;;;;;;;;-0.00666;0.00739;;;;;;;en_attente
2026-08-05T11:50:23-04:00;America/New_York;11fa6982d2cf3659;A;AGNC;yahoo;10.6811;0.0841;0.323;0.1189;0.707;-0.589;rejet_prob;prob 0.084 < seuil 0.323;put;10.5;2026-08-28;23.0;0.15;0.19;0.17;0.25;0.364;-0.005;0.0101;19.0;-0.00666;0.00739;;0.08;0.06;;;;en_attente
2026-08-05T11:50:23-04:00;America/New_York;11fa6982d2cf3659;scan;KVUE;yahoo;19.2599;0.2283;0.323;0.4269;0.535;0.395;rejet_prob;prob 0.228 < seuil 0.323;;;;;;;;;;;;;-0.00415;-0.01194;;;;;;;en_attente
2026-08-05T11:50:23-04:00;America/New_York;11fa6982d2cf3659;A;KVUE;yahoo;19.2599;0.2283;0.323;0.4269;0.535;0.395;rejet_prob;prob 0.228 < seuil 0.323;call;20.5;2026-08-28;23.0;0.01;0.75;0.38;0.6279;0.382;-0.026;0.0184;75.0;-0.00415;-0.01194;;;;;;;en_attente
2026-08-06T11:57:48-04:00;America/New_York;11fa6982d2cf3659;scan;AAPL;yahoo;309.3;0.2372;0.323;0.02;11.86;0.094;rejet_prob;prob 0.237 < seuil 0.323;;;;;;;;;;;;;0.01303;;;;;;;;en_attente
2026-08-06T11:57:49-04:00;America/New_York;11fa6982d2cf3659;scan;NVDA;yahoo;218.04;0.1479;0.323;0.1172;1.262;0.566;rejet_prob;prob 0.148 < seuil 0.323;;;;;;;;;;;;;0.02715;;;;;;;;en_attente
2026-08-06T11:57:49-04:00;America/New_York;11fa6982d2cf3659;scan;TSLA;yahoo;320.25;0.0151;0.323;0.0188;0.803;-0.161;rejet_prob;prob 0.015 < seuil 0.323;;;;;;;;;;;;;0.02601;;;;;;;;en_attente
2026-08-06T11:57:50-04:00;America/New_York;11fa6982d2cf3659;scan;AMD;yahoo;491.76;0.2676;0.323;0.05;5.352;0.165;rejet_prob;prob 0.268 < seuil 0.323;;;;;;;;;;;;;-0.01708;;;;;;;;en_attente
2026-08-06T11:57:51-04:00;America/New_York;11fa6982d2cf3659;scan;META;yahoo;588.5196;0.0682;0.323;0.0357;1.91;0.044;rejet_prob;prob 0.068 < seuil 0.323;;;;;;;;;;;;;0.00608;;;;;;;;en_attente
2026-08-06T11:57:52-04:00;America/New_York;11fa6982d2cf3659;scan;SPY;yahoo;768.56;0.2458;0.323;0.084;2.926;-0.08;rejet_prob;prob 0.246 < seuil 0.323;;;;;;;;;;;;;0.00612;;;;;;;;en_attente
2026-08-06T11:57:53-04:00;America/New_York;11fa6982d2cf3659;scan;QQQ;yahoo;716.09;0.2318;0.323;0.0651;3.561;-0.045;rejet_prob;prob 0.232 < seuil 0.323;;;;;;;;;;;;;0.00969;;;;;;;;en_attente
2026-08-06T11:57:53-04:00;America/New_York;11fa6982d2cf3659;scan;COIN;yahoo;148.7;0.1352;0.323;0.1192;1.134;-0.127;rejet_prob;prob 0.135 < seuil 0.323;;;;;;;;;;;;;0.03295;;;;;;;;en_attente
2026-08-06T11:57:54-04:00;America/New_York;11fa6982d2cf3659;scan;PLTR;yahoo;156.465;0.0133;0.323;0.0006;1.33;0.506;rejet_prob;prob 0.013 < seuil 0.323;;;;;;;;;;;;;0.09935;;;;;;;;en_attente
2026-08-06T11:57:54-04:00;America/New_York;11fa6982d2cf3659;scan;SOFI;yahoo;18.405;0.0307;0.323;0.033;0.93;0.27;rejet_prob;prob 0.031 < seuil 0.323;;;;;;;;;;;;;-0.00136;;;;;;;;en_attente
2026-08-06T11:57:55-04:00;America/New_York;11fa6982d2cf3659;scan;MARA;yahoo;11.065;0.0429;0.323;0.1083;0.396;0.089;rejet_prob;prob 0.043 < seuil 0.323;;;;;;;;;;;;;-0.08812;;;;;;;;en_attente
2026-08-06T11:57:55-04:00;America/New_York;11fa6982d2cf3659;scan;F;yahoo;13.975;0.2659;0.323;0.2329;1.142;0.145;rejet_prob;prob 0.266 < seuil 0.323;;;;;;;;;;;;;0.00036;;;;;;;;en_attente
2026-08-06T11:57:56-04:00;America/New_York;11fa6982d2cf3659;scan;T;yahoo;23.5468;0.0512;0.323;0.1023;0.5;0.483;rejet_prob;prob 0.051 < seuil 0.323;;;;;;;;;;;;;0.01033;;;;;;;;en_attente
2026-08-06T11:57:56-04:00;America/New_York;11fa6982d2cf3659;A;T;yahoo;23.5468;0.0512;0.323;0.1023;0.5;0.483;rejet_prob;prob 0.051 < seuil 0.323;call;24.0;2026-08-28;22.0;0.39;0.45;0.42;0.2734;0.417;-0.0152;0.0226;45.0;0.01033;;;0.32;;;;;en_attente
2026-08-06T11:57:57-04:00;America/New_York;11fa6982d2cf3659;scan;PFE;yahoo;25.845;0.2771;0.323;0.2337;1.186;0.657;rejet_prob;prob 0.277 < seuil 0.323;;;;;;;;;;;;;0.0354;;;;;;;;en_attente
2026-08-06T11:57:57-04:00;America/New_York;11fa6982d2cf3659;A;PFE;yahoo;25.845;0.2771;0.323;0.2337;1.186;0.657;rejet_prob;prob 0.277 < seuil 0.323;call;26.5;2026-08-28;22.0;0.27;0.3;0.285;0.2168;0.347;-0.0126;0.0234;30.0;0.0354;;;0.71;;;;;en_attente
2026-08-06T11:57:57-04:00;America/New_York;11fa6982d2cf3659;scan;AAL;yahoo;16.245;0.0666;0.323;0.0606;1.099;0.097;rejet_prob;prob 0.067 < seuil 0.323;;;;;;;;;;;;;-0.01878;;;;;;;;en_attente
2026-08-06T11:57:58-04:00;America/New_York;11fa6982d2cf3659;scan;NIO;yahoo;4.575;0.3682;0.323;0.4803;0.767;0.206;rejet_ratio;options déjà chères : ratio 0.77 < 1.5 (p_implicite 0.480);;;;;;;;;;;;;0.03607;;;;;;;;en_attente
2026-08-06T11:57:58-04:00;America/New_York;11fa6982d2cf3659;scan;INTC;yahoo;100.76;0.1011;0.323;0.0936;1.08;0.031;rejet_prob;prob 0.101 < seuil 0.323;;;;;;;;;;;;;0.00883;;;;;;;;en_attente
2026-08-06T11:57:59-04:00;America/New_York;11fa6982d2cf3659;scan;PLUG;yahoo;2.09;0.2536;0.323;0.4109;0.617;0.187;rejet_prob;prob 0.254 < seuil 0.323;;;;;;;;;;;;;0.04306;;;;;;;;en_attente
2026-08-06T11:57:59-04:00;America/New_York;11fa6982d2cf3659;scan;RIVN;yahoo;15.705;0.0803;0.323;0.1221;0.658;-0.099;rejet_prob;prob 0.080 < seuil 0.323;;;;;;;;;;;;;0.01878;;;;;;;;en_attente
2026-08-06T11:58:00-04:00;America/New_York;11fa6982d2cf3659;scan;LCID;yahoo;6.9204;0.017;0.323;0.0048;1.7;0.611;rejet_prob;prob 0.017 < seuil 0.323;;;;;;;;;;;;;0.01728;;;;;;;;en_attente
2026-08-06T11:58:00-04:00;America/New_York;11fa6982d2cf3659;A;LCID;yahoo;6.9204;0.017;0.323;0.0048;1.7;0.611;rejet_prob;prob 0.017 < seuil 0.323;call;7.5;2026-08-28;22.0;0.27;0.44;0.355;0.834;0.391;-0.0127;0.0065;44.0;0.01728;;;0.2;;;;;en_attente
2026-08-06T11:58:01-04:00;America/New_York;11fa6982d2cf3659;scan;SNAP;yahoo;5.205;0.0287;0.323;0.0382;0.751;0.57;rejet_prob;prob 0.029 < seuil 0.323;;;;;;;;;;;;;0.02402;;;;;;;;en_attente
2026-08-06T11:58:01-04:00;America/New_York;11fa6982d2cf3659;A;SNAP;yahoo;5.205;0.0287;0.323;0.0382;0.751;0.57;rejet_prob;prob 0.029 < seuil 0.323;call;5.5;2026-08-28;22.0;0.17;0.2;0.185;0.5781;0.383;-0.0066;0.0049;20.0;0.02402;;;0.16;;;;;en_attente
2026-08-06T11:58:01-04:00;America/New_York;11fa6982d2cf3659;scan;WBD;yahoo;26.505;0.1339;0.323;0.597;0.224;0.167;rejet_prob;prob 0.134 < seuil 0.323;;;;;;;;;;;;;0.01038;;;;;;;;en_attente
2026-08-06T11:58:02-04:00;America/New_York;11fa6982d2cf3659;scan;VALE;yahoo;14.845;0.2323;0.323;0.3849;0.604;0.528;rejet_prob;prob 0.232 < seuil 0.323;;;;;;;;;;;;;-0.00909;;;;;;;;en_attente
2026-08-06T11:58:02-04:00;America/New_York;11fa6982d2cf3659;A;VALE;yahoo;14.845;0.2323;0.323;0.3849;0.604;0.528;rejet_prob;prob 0.232 < seuil 0.323;call;15.0;2026-08-28;22.0;0.21;0.31;0.26;0.2559;0.464;-0.0092;0.0145;31.0;-0.00909;;;0.18;;;;;en_attente
2026-08-06T11:58:02-04:00;America/New_York;11fa6982d2cf3659;scan;PBR;yahoo;18.61;0.2302;0.323;0.2611;0.882;0.421;rejet_prob;prob 0.230 < seuil 0.323;;;;;;;;;;;;;-0.03493;;;;;;;;en_attente
2026-08-06T11:58:02-04:00;America/New_York;11fa6982d2cf3659;A;PBR;yahoo;18.61;0.2302;0.323;0.2611;0.882;0.421;rejet_prob;prob 0.230 < seuil 0.323;call;19.0;2026-08-28;22.0;0.38;0.43;0.405;0.3203;0.425;-0.014;0.0179;43.0;-0.03493;;;0.14;;;;;en_attente
2026-08-06T11:58:03-04:00;America/New_York;11fa6982d2cf3659;scan;GOLD;yahoo;42.25;0.1827;0.323;0.2502;0.73;0.2;rejet_prob;prob 0.183 < seuil 0.323;;;;;;;;;;;;;0.02982;;;;;;;;en_attente
2026-08-06T11:58:04-04:00;America/New_York;11fa6982d2cf3659;scan;CLF;yahoo;12.487;0.0725;0.323;0.0638;1.136;0.755;rejet_prob;prob 0.072 < seuil 0.323;;;;;;;;;;;;;-0.01818;;;;;;;;en_attente
2026-08-06T11:58:04-04:00;America/New_York;11fa6982d2cf3659;A;CLF;yahoo;12.487;0.0725;0.323;0.0638;1.136;0.755;rejet_prob;prob 0.072 < seuil 0.323;call;13.0;2026-08-28;22.0;0.56;0.67;0.615;0.6641;0.441;-0.0189;0.0121;67.0;-0.01818;;;0.49;;;;;en_attente
2026-08-06T11:58:04-04:00;America/New_York;11fa6982d2cf3659;scan;CCL;yahoo;29.165;0.3113;0.323;0.2787;1.117;0.381;rejet_prob;prob 0.311 < seuil 0.323;;;;;;;;;;;;;-0.006;;;;;;;;en_attente
2026-08-06T11:58:04-04:00;America/New_York;11fa6982d2cf3659;A;CCL;yahoo;29.165;0.3113;0.323;0.2787;1.117;0.381;rejet_prob;prob 0.311 < seuil 0.323;call;30.0;2026-08-28;22.0;0.81;0.85;0.83;0.4131;0.42;-0.0277;0.028;85.0;-0.006;;;0.4;;;;;en_attente
2026-08-06T11:58:05-04:00;America/New_York;11fa6982d2cf3659;scan;RIOT;yahoo;21.86;0.027;0.323;0.0878;0.308;0.526;rejet_prob;prob 0.027 < seuil 0.323;;;;;;;;;;;;;-0.0613;;;;;;;;en_attente
2026-08-06T11:58:05-04:00;America/New_York;11fa6982d2cf3659;A;RIOT;yahoo;21.86;0.027;0.323;0.0878;0.308;0.526;rejet_prob;prob 0.027 < seuil 0.323;call;24.0;2026-08-28;22.0;1.52;1.69;1.605;1.1074;0.422;-0.0538;0.021;169.0;-0.0613;;;0.56;;;;;en_attente
2026-08-06T11:58:05-04:00;America/New_York;11fa6982d2cf3659;scan;TLRY;yahoo;4.405;0.2961;0.323;0.3474;0.852;0.229;rejet_prob;prob 0.296 < seuil 0.323;;;;;;;;;;;;;0.03746;;;;;;;;en_attente
2026-08-06T11:58:06-04:00;America/New_York;11fa6982d2cf3659;scan;BAC;yahoo;63.09;0.1406;0.323;0.2397;0.587;0.066;rejet_prob;prob 0.141 < seuil 0.323;;;;;;;;;;;;;0.00127;;;;;;;;en_attente
2026-08-06T11:58:07-04:00;America/New_York;11fa6982d2cf3659;scan;AGNC;yahoo;10.65;0.0954;0.323;0.1627;0.586;0.027;rejet_prob;prob 0.095 < seuil 0.323;;;;;;;;;;;;;0.01784;;;;;;;;en_attente
2026-08-06T11:58:07-04:00;America/New_York;11fa6982d2cf3659;scan;KVUE;yahoo;19.1251;0.2117;0.323;0.118;1.794;0.403;rejet_prob;prob 0.212 < seuil 0.323;;;;;;;;;;;;;0.00548;;;;;;;;en_attente
2026-08-06T11:58:07-04:00;America/New_York;11fa6982d2cf3659;A;KVUE;yahoo;19.1251;0.2117;0.323;0.118;1.794;0.403;rejet_prob;prob 0.212 < seuil 0.323;call;19.5;2026-08-28;22.0;0.1;0.25;0.175;0.2119;0.384;-0.0095;0.0179;25.0;0.00548;;;;;;;;en_attente
2026-08-07T10:39:28-04:00;America/New_York;11fa6982d2cf3659;scan;AAPL;yahoo;314.165;0.0616;0.323;0.0118;5.22;0.006;rejet_prob;prob 0.062 < seuil 0.323;;;;;;;;;;;;;-0.0188;;;;;;;;en_attente
2026-08-07T10:39:29-04:00;America/New_York;11fa6982d2cf3659;scan;NVDA;yahoo;222.88;0.0826;0.323;0.123;0.672;0.534;rejet_prob;prob 0.083 < seuil 0.323;;;;;;;;;;;;;-0.02391;;;;;;;;en_attente
2026-08-07T10:39:29-04:00;America/New_York;11fa6982d2cf3659;scan;TSLA;yahoo;328.23;0.0144;0.323;0.014;1.029;0.102;rejet_prob;prob 0.014 < seuil 0.323;;;;;;;;;;;;;0.00807;;;;;;;;en_attente
2026-08-07T10:39:30-04:00;America/New_York;11fa6982d2cf3659;scan;AMD;yahoo;477.3825;0.2453;0.323;0.0341;7.194;-0.048;rejet_prob;prob 0.245 < seuil 0.323;;;;;;;;;;;;;-0.01639;;;;;;;;en_attente
2026-08-07T10:39:31-04:00;America/New_York;11fa6982d2cf3659;scan;META;yahoo;596.17;0.1344;0.323;0.0532;2.526;0.08;rejet_prob;prob 0.134 < seuil 0.323;;;;;;;;;;;;;-0.0021;;;;;;;;en_attente
2026-08-07T10:39:32-04:00;America/New_York;11fa6982d2cf3659;scan;SPY;yahoo;771.87;0.1978;0.323;0.0642;3.081;-0.03;rejet_prob;prob 0.198 < seuil 0.323;;;;;;;;;;;;;0.0015;;;;;;;;en_attente
2026-08-07T10:39:33-04:00;America/New_York;11fa6982d2cf3659;scan;QQQ;yahoo;719.23;0.2098;0.323;0.044;4.768;0.004;rejet_prob;prob 0.210 < seuil 0.323;;;;;;;;;;;;;0.00228;;;;;;;;en_attente
2026-08-07T10:39:33-04:00;America/New_York;11fa6982d2cf3659;scan;COIN;yahoo;154.3;0.1039;0.323;0.0963;1.079;0.292;rejet_prob;prob 0.104 < seuil 0.323;;;;;;;;;;;;;-0.03642;;;;;;;;en_attente
2026-08-07T10:39:34-04:00;America/New_York;11fa6982d2cf3659;scan;PLTR;yahoo;169.3214;0.0376;0.323;0.0008;3.76;0.729;rejet_prob;prob 0.038 < seuil 0.323;;;;;;;;;;;;;0.0349;;;;;;;;en_attente
2026-08-07T10:39:34-04:00;America/New_York;11fa6982d2cf3659;scan;SOFI;yahoo;18.34;0.0286;0.323;0.0256;1.117;0.286;rejet_prob;prob 0.029 < seuil 0.323;;;;;;;;;;;;;-0.012;;;;;;;;en_attente
2026-08-07T10:39:35-04:00;America/New_York;11fa6982d2cf3659;scan;MARA;yahoo;9.935;0.2085;0.323;0.0807;2.584;-0.313;rejet_prob;prob 0.208 < seuil 0.323;;;;;;;;;;;;;-0.03775;;;;;;;;en_attente
2026-08-07T10:39:36-04:00;America/New_York;11fa6982d2cf3659;scan;F;yahoo;13.905;0.2799;0.323;0.2432;1.151;-0.005;rejet_prob;prob 0.280 < seuil 0.323;;;;;;;;;;;;;0.00683;;;;;;;;en_attente
2026-08-07T10:39:36-04:00;America/New_York;11fa6982d2cf3659;scan;T;yahoo;23.8661;0.0475;0.323;0.1085;0.438;0.608;rejet_prob;prob 0.048 < seuil 0.323;;;;;;;;;;;;;0.00771;;;;;;;;en_attente
2026-08-07T10:39:36-04:00;America/New_York;11fa6982d2cf3659;A;T;yahoo;23.8661;0.0475;0.323;0.1085;0.438;0.608;rejet_prob;prob 0.048 < seuil 0.323;call;24.5;2026-08-28;21.0;0.26;0.32;0.29;0.2461;0.355;-0.0135;0.0213;32.0;0.00771;;;0.37;;;;;en_attente
2026-08-07T10:39:37-04:00;America/New_York;11fa6982d2cf3659;scan;PFE;yahoo;26.455;0.1867;0.323;0.2085;0.895;0.625;rejet_prob;prob 0.187 < seuil 0.323;;;;;;;;;;;;;0.02249;;;;;;;;en_attente
2026-08-07T10:39:37-04:00;America/New_York;11fa6982d2cf3659;A;PFE;yahoo;26.455;0.1867;0.323;0.2085;0.895;0.625;rejet_prob;prob 0.187 < seuil 0.323;call;27.0;2026-08-28;21.0;0.25;0.29;0.27;0.1973;0.362;-0.0123;0.0238;29.0;0.02249;;;0.4;;;;;en_attente
2026-08-07T10:39:37-04:00;America/New_York;11fa6982d2cf3659;scan;AAL;yahoo;15.885;0.0589;0.323;0.0656;0.898;0.063;rejet_prob;prob 0.059 < seuil 0.323;;;;;;;;;;;;;-0.05571;;;;;;;;en_attente
2026-08-07T10:39:37-04:00;America/New_York;11fa6982d2cf3659;C;AAL;yahoo;15.885;0.0589;0.323;0.0656;0.898;0.063;controle_aleatoire;contrôle apparié, direction aléatoire baisse;put;15.5;2026-08-28;21.0;0.48;0.59;0.535;0.5;0.387;-0.0165;0.0146;59.0;-0.05571;;;0.61;;;;;en_attente
2026-08-07T10:39:38-04:00;America/New_York;11fa6982d2cf3659;scan;NIO;yahoo;4.7301;0.4039;0.323;0.4561;0.886;0.385;rejet_ratio;options déjà chères : ratio 0.89 < 1.5 (p_implicite 0.456);;;;;;;;;;;;;0.01901;;;;;;;;en_attente
2026-08-07T10:39:38-04:00;America/New_York;11fa6982d2cf3659;A;NIO;yahoo;4.7301;0.4039;0.323;0.4561;0.886;0.385;rejet_ratio;options déjà chères : ratio 0.89 < 1.5 (p_implicite 0.456);call;5.0;2026-08-28;21.0;0.12;0.14;0.13;0.5078;0.354;-0.0053;0.0042;14.0;0.01901;;;0.07;;;;;en_attente
2026-08-07T10:39:38-04:00;America/New_York;11fa6982d2cf3659;scan;INTC;yahoo;99.06;0.1213;0.323;0.0777;1.561;0.143;rejet_prob;prob 0.121 < seuil 0.323;;;;;;;;;;;;;-0.01555;;;;;;;;en_attente
2026-08-07T10:39:39-04:00;America/New_York;11fa6982d2cf3659;scan;PLUG;yahoo;2.09;0.2245;0.323;0.4428;0.507;0.284;rejet_prob;prob 0.225 < seuil 0.323;;;;;;;;;;;;;0.00957;;;;;;;;en_attente
2026-08-07T10:39:39-04:00;America/New_York;11fa6982d2cf3659;scan;RIVN;yahoo;15.795;0.1744;0.323;0.107;1.63;0.033;rejet_prob;prob 0.174 < seuil 0.323;;;;;;;;;;;;;0.03767;;;;;;;;en_attente
2026-08-07T10:39:40-04:00;America/New_York;11fa6982d2cf3659;scan;LCID;yahoo;7.16;0.0233;0.323;0.0013;2.33;0.309;rejet_prob;prob 0.023 < seuil 0.323;;;;;;;;;;;;;-0.07682;;;;;;;;en_attente
2026-08-07T10:39:40-04:00;America/New_York;11fa6982d2cf3659;scan;SNAP;yahoo;5.34;0.0439;0.323;0.0397;1.106;0.741;rejet_prob;prob 0.044 < seuil 0.323;;;;;;;;;;;;;0.00187;;;;;;;;en_attente
2026-08-07T10:39:40-04:00;America/New_York;11fa6982d2cf3659;A;SNAP;yahoo;5.34;0.0439;0.323;0.0397;1.106;0.741;rejet_prob;prob 0.044 < seuil 0.323;call;5.5;2026-08-28;21.0;0.17;0.22;0.195;0.5039;0.435;-0.0063;0.005;22.0;0.00187;;;0.23;;;;;en_attente
2026-08-07T10:39:41-04:00;America/New_York;11fa6982d2cf3659;scan;WBD;yahoo;26.575;0.1597;0.323;0.6896;0.232;0.184;rejet_prob;prob 0.160 < seuil 0.323;;;;;;;;;;;;;0.0111;;;;;;;;en_attente
2026-08-07T10:39:41-04:00;America/New_York;11fa6982d2cf3659;scan;VALE;yahoo;14.785;0.2343;0.323;0.4863;0.482;0.077;rejet_prob;prob 0.234 < seuil 0.323;;;;;;;;;;;;;0.0071;;;;;;;;en_attente
2026-08-07T10:39:42-04:00;America/New_York;11fa6982d2cf3659;scan;PBR;yahoo;18.185;0.1124;0.323;0.3136;0.358;-0.199;rejet_prob;prob 0.112 < seuil 0.323;;;;;;;;;;;;;0.00797;;;;;;;;en_attente
2026-08-07T10:39:42-04:00;America/New_York;11fa6982d2cf3659;scan;GOLD;yahoo;43.415;0.1479;0.323;0.2887;0.512;0.747;rejet_prob;prob 0.148 < seuil 0.323;;;;;;;;;;;;;0.00127;;;;;;;;en_attente
2026-08-07T10:39:42-04:00;America/New_York;11fa6982d2cf3659;A;GOLD;yahoo;43.415;0.1479;0.323;0.2887;0.512;0.747;rejet_prob;prob 0.148 < seuil 0.323;call;45.0;2026-09-18;42.0;2.5;3.2;2.85;0.5938;0.479;-0.0437;0.0587;320.0;0.00127;;;2.15;;;;;en_attente
2026-08-07T10:39:43-04:00;America/New_York;11fa6982d2cf3659;scan;CLF;yahoo;12.11;0.0975;0.323;0.0461;2.115;0.504;rejet_prob;prob 0.098 < seuil 0.323;;;;;;;;;;;;;0.03138;;;;;;;;en_attente
2026-08-07T10:39:43-04:00;America/New_York;11fa6982d2cf3659;A;CLF;yahoo;12.11;0.0975;0.323;0.0461;2.115;0.504;rejet_prob;prob 0.098 < seuil 0.323;call;12.5;2026-08-28;21.0;0.49;0.63;0.56;0.6133;0.451;-0.0174;0.0115;63.0;0.03138;;;0.74;;;;;en_attente
2026-08-07T10:39:44-04:00;America/New_York;11fa6982d2cf3659;scan;CCL;yahoo;28.445;0.2379;0.323;0.2613;0.91;-0.072;rejet_prob;prob 0.238 < seuil 0.323;;;;;;;;;;;;;-0.02443;;;;;;;;en_attente
2026-08-07T10:39:44-04:00;America/New_York;11fa6982d2cf3659;scan;RIOT;yahoo;20.55;0.0454;0.323;0.0788;0.576;0.245;rejet_prob;prob 0.045 < seuil 0.323;;;;;;;;;;;;;-0.05596;;;;;;;;en_attente
2026-08-07T10:39:45-04:00;America/New_York;11fa6982d2cf3659;scan;TLRY;yahoo;4.565;0.1414;0.323;0.3493;0.405;0.666;rejet_prob;prob 0.141 < seuil 0.323;;;;;;;;;;;;;-0.03176;;;;;;;;en_attente
2026-08-07T10:39:45-04:00;America/New_York;11fa6982d2cf3659;A;TLRY;yahoo;4.565;0.1414;0.323;0.3493;0.405;0.666;rejet_prob;prob 0.141 < seuil 0.323;call;5.0;2026-08-28;21.0;0.15;0.21;0.18;0.7617;0.347;-0.0075;0.004;21.0;-0.03176;;;0.13;;;;;en_attente
2026-08-07T10:39:45-04:00;America/New_York;11fa6982d2cf3659;scan;BAC;yahoo;62.935;0.1198;0.323;0.2283;0.525;0.079;rejet_prob;prob 0.120 < seuil 0.323;;;;;;;;;;;;;0.0147;;;;;;;;en_attente
2026-08-07T10:39:46-04:00;America/New_York;11fa6982d2cf3659;scan;AGNC;yahoo;10.865;0.1292;0.323;0.0819;1.578;0.227;rejet_prob;prob 0.129 < seuil 0.323;;;;;;;;;;;;;-0.00966;;;;;;;;en_attente
2026-08-07T10:39:47-04:00;America/New_York;11fa6982d2cf3659;scan;KVUE;yahoo;19.195;0.2224;0.323;0.1531;1.453;0.43;rejet_prob;prob 0.222 < seuil 0.323;;;;;;;;;;;;;-0.0086;;;;;;;;en_attente
2026-08-07T10:39:47-04:00;America/New_York;11fa6982d2cf3659;A;KVUE;yahoo;19.195;0.2224;0.323;0.1531;1.453;0.43;rejet_prob;prob 0.222 < seuil 0.323;call;19.5;2026-08-28;21.0;0.07;0.27;0.17;0.2129;0.408;-0.01;0.0179;27.0;-0.0086;;;;;;;;en_attente
2026-08-10T10:42:52-04:00;America/New_York;11fa6982d2cf3659;scan;AAPL;yahoo;306.55;0.0473;0.323;0.0126;3.754;-0.192;rejet_prob;prob 0.047 < seuil 0.323;;;;;;;;;;;;;;;;;;;;;en_attente
2026-08-10T10:42:52-04:00;America/New_York;11fa6982d2cf3659;scan;NVDA;yahoo;220.415;0.1222;0.323;0.1324;0.923;0.566;rejet_prob;prob 0.122 < seuil 0.323;;;;;;;;;;;;;;;;;;;;;en_attente
2026-08-10T10:42:53-04:00;America/New_York;11fa6982d2cf3659;scan;TSLA;yahoo;330.315;0.0082;0.323;0.0158;0.519;-0.014;rejet_prob;prob 0.008 < seuil 0.323;;;;;;;;;;;;;;;;;;;;;en_attente
2026-08-10T10:42:54-04:00;America/New_York;11fa6982d2cf3659;scan;AMD;yahoo;479.2551;0.2324;0.323;0.0242;9.603;0.116;rejet_prob;prob 0.232 < seuil 0.323;;;;;;;;;;;;;;;;;;;;;en_attente
2026-08-10T10:42:54-04:00;America/New_York;11fa6982d2cf3659;scan;META;yahoo;605.9899;0.0849;0.323;0.0499;1.701;-0.118;rejet_prob;prob 0.085 < seuil 0.323;;;;;;;;;;;;;;;;;;;;;en_attente
2026-08-10T10:42:55-04:00;America/New_York;11fa6982d2cf3659;scan;SPY;yahoo;774.595;0.1445;0.323;0.07;2.064;0.045;rejet_prob;prob 0.144 < seuil 0.323;;;;;;;;;;;;;;;;;;;;;en_attente
2026-08-10T10:42:56-04:00;America/New_York;11fa6982d2cf3659;scan;QQQ;yahoo;724.24;0.1562;0.323;0.0434;3.599;0.069;rejet_prob;prob 0.156 < seuil 0.323;;;;;;;;;;;;;;;;;;;;;en_attente
2026-08-10T10:42:57-04:00;America/New_York;11fa6982d2cf3659;scan;COIN;yahoo;151.0;0.1555;0.323;0.0787;1.976;0.069;rejet_prob;prob 0.155 < seuil 0.323;;;;;;;;;;;;;;;;;;;;;en_attente
2026-08-10T10:42:57-04:00;America/New_York;11fa6982d2cf3659;scan;PLTR;yahoo;178.975;0.017;0.323;0.0007;1.7;0.519;rejet_prob;prob 0.017 < seuil 0.323;;;;;;;;;;;;;;;;;;;;;en_attente
2026-08-10T10:42:58-04:00;America/New_York;11fa6982d2cf3659;scan;SOFI;yahoo;18.145;0.0665;0.323;0.0311;2.138;0.32;rejet_prob;prob 0.067 < seuil 0.323;;;;;;;;;;;;;;;;;;;;;en_attente
2026-08-10T10:42:58-04:00;America/New_York;11fa6982d2cf3659;A;SOFI;yahoo;18.145;0.0665;0.323;0.0311;2.138;0.32;rejet_prob;prob 0.067 < seuil 0.323;call;19.0;2026-09-04;25.0;0.56;0.58;0.57;0.4795;0.39;-0.0183;0.0182;58.0;;;;;;;;;en_attente
2026-08-10T10:42:58-04:00;America/New_York;11fa6982d2cf3659;scan;MARA;yahoo;9.7202;0.1346;0.323;0.073;1.844;-0.212;rejet_prob;prob 0.135 < seuil 0.323;;;;;;;;;;;;;;;;;;;;;en_attente
2026-08-10T10:42:59-04:00;America/New_York;11fa6982d2cf3659;scan;F;yahoo;13.855;0.2466;0.323;0.2327;1.06;0.243;rejet_prob;prob 0.247 < seuil 0.323;;;;;;;;;;;;;;;;;;;;;en_attente
2026-08-10T10:43:00-04:00;America/New_York;11fa6982d2cf3659;scan;T;yahoo;23.5751;0.0813;0.323;0.057;1.426;0.285;rejet_prob;prob 0.081 < seuil 0.323;;;;;;;;;;;;;;;;;;;;;en_attente
2026-08-10T10:43:00-04:00;America/New_York;11fa6982d2cf3659;scan;PFE;yahoo;26.915;0.1799;0.323;0.2102;0.856;0.583;rejet_prob;prob 0.180 < seuil 0.323;;;;;;;;;;;;;;;;;;;;;en_attente
2026-08-10T10:43:00-04:00;America/New_York;11fa6982d2cf3659;A;PFE;yahoo;26.915;0.1799;0.323;0.2102;0.856;0.583;rejet_prob;prob 0.180 < seuil 0.323;call;27.5;2026-09-04;25.0;0.3;0.36;0.33;0.21;0.379;-0.0125;0.0268;36.0;;;;;;;;;en_attente
2026-08-10T10:43:01-04:00;America/New_York;11fa6982d2cf3659;scan;AAL;yahoo;15.475;0.1202;0.323;0.061;1.97;0.22;rejet_prob;prob 0.120 < seuil 0.323;;;;;;;;;;;;;;;;;;;;;en_attente
2026-08-10T10:43:01-04:00;America/New_York;11fa6982d2cf3659;scan;NIO;yahoo;4.745;0.397;0.323;0.4659;0.852;0.191;rejet_ratio;options déjà chères : ratio 0.85 < 1.5 (p_implicite 0.466);;;;;;;;;;;;;;;;;;;;;en_attente
2026-08-10T10:43:02-04:00;America/New_York;11fa6982d2cf3659;scan;INTC;yahoo;97.94;0.1498;0.323;0.0677;2.213;0.182;rejet_prob;prob 0.150 < seuil 0.323;;;;;;;;;;;;;;;;;;;;;en_attente
2026-08-10T10:43:02-04:00;America/New_York;11fa6982d2cf3659;scan;PLUG;yahoo;2.1696;0.3188;0.323;0.357;0.893;0.609;rejet_prob;prob 0.319 < seuil 0.323;;;;;;;;;;;;;;;;;;;;;en_attente
2026-08-10T10:43:02-04:00;America/New_York;11fa6982d2cf3659;A;PLUG;yahoo;2.1696;0.3188;0.323;0.357;0.893;0.609;rejet_prob;prob 0.319 < seuil 0.323;call;2.5;2026-09-04;25.0;0.12;0.16;0.14;1.1094;0.37;-0.0048;0.0021;16.0;;;;;;;;;en_attente
2026-08-10T10:43:03-04:00;America/New_York;11fa6982d2cf3659;scan;RIVN;yahoo;15.99;0.1216;0.323;0.1106;1.099;0.155;rejet_prob;prob 0.122 < seuil 0.323;;;;;;;;;;;;;;;;;;;;;en_attente
2026-08-10T10:43:03-04:00;America/New_York;11fa6982d2cf3659;C;RIVN;yahoo;15.99;0.1216;0.323;0.1106;1.099;0.155;controle_aleatoire;contrôle apparié, direction aléatoire hausse;call;17.0;2026-09-04;25.0;0.53;0.57;0.55;0.5547;0.371;-0.0182;0.0158;57.0;;;;;;;;;en_attente
2026-08-10T10:43:04-04:00;America/New_York;11fa6982d2cf3659;scan;LCID;yahoo;6.6001;0.0244;0.323;0.0032;2.44;0.59;rejet_prob;prob 0.024 < seuil 0.323;;;;;;;;;;;;;;;;;;;;;en_attente
2026-08-10T10:43:04-04:00;America/New_York;11fa6982d2cf3659;A;LCID;yahoo;6.6001;0.0244;0.323;0.0032;2.44;0.59;rejet_prob;prob 0.024 < seuil 0.323;call;7.0;2026-09-04;25.0;0.26;0.85;0.555;1.0234;0.47;-0.0144;0.0069;85.0;;;;;;;;;en_attente
2026-08-10T10:43:04-04:00;America/New_York;11fa6982d2cf3659;scan;SNAP;yahoo;5.38;0.0462;0.323;0.0528;0.875;0.669;rejet_prob;prob 0.046 < seuil 0.323;;;;;;;;;;;;;;;;;;;;;en_attente
2026-08-10T10:43:04-04:00;America/New_York;11fa6982d2cf3659;A;SNAP;yahoo;5.38;0.0462;0.323;0.0528;0.875;0.669;rejet_prob;prob 0.046 < seuil 0.323;call;5.5;2026-09-04;25.0;0.18;0.24;0.21;0.5117;0.47;-0.006;0.0056;24.0;;;;;;;;;en_attente
2026-08-10T10:43:05-04:00;America/New_York;11fa6982d2cf3659;scan;WBD;yahoo;26.9474;0.168;0.323;0.6042;0.278;0.288;rejet_prob;prob 0.168 < seuil 0.323;;;;;;;;;;;;;;;;;;;;;en_attente
2026-08-10T10:43:05-04:00;America/New_York;11fa6982d2cf3659;scan;VALE;yahoo;14.8201;0.2312;0.323;0.5614;0.412;0.304;rejet_prob;prob 0.231 < seuil 0.323;;;;;;;;;;;;;;;;;;;;;en_attente
2026-08-10T10:43:06-04:00;America/New_York;11fa6982d2cf3659;scan;PBR;yahoo;18.18;0.2101;0.323;0.192;1.094;0.367;rejet_prob;prob 0.210 < seuil 0.323;;;;;;;;;;;;;;;;;;;;;en_attente
2026-08-10T10:43:06-04:00;America/New_York;11fa6982d2cf3659;A;PBR;yahoo;18.18;0.2101;0.323;0.192;1.094;0.367;rejet_prob;prob 0.210 < seuil 0.323;call;18.5;2026-09-04;25.0;0.3;0.38;0.34;0.2686;0.433;-0.011;0.0187;38.0;;;;;;;;;en_attente
2026-08-10T10:43:06-04:00;America/New_York;11fa6982d2cf3659;scan;GOLD;yahoo;43.35;0.2461;0.323;0.2974;0.828;0.631;rejet_prob;prob 0.246 < seuil 0.323;;;;;;;;;;;;;;;;;;;;;en_attente
2026-08-10T10:43:06-04:00;America/New_York;11fa6982d2cf3659;A;GOLD;yahoo;43.35;0.2461;0.323;0.2974;0.828;0.631;rejet_prob;prob 0.246 < seuil 0.323;call;45.0;2026-09-18;39.0;2.35;2.8;2.575;0.5725;0.468;-0.0435;0.0563;280.0;;;;;;;;;en_attente
2026-08-10T10:43:07-04:00;America/New_York;11fa6982d2cf3659;scan;CLF;yahoo;12.485;0.148;0.323;0.0547;2.706;0.701;rejet_prob;prob 0.148 < seuil 0.323;;;;;;;;;;;;;;;;;;;;;en_attente
2026-08-10T10:43:07-04:00;America/New_York;11fa6982d2cf3659;A;CLF;yahoo;12.485;0.148;0.323;0.0547;2.706;0.701;rejet_prob;prob 0.148 < seuil 0.323;call;13.5;2026-09-04;25.0;0.44;0.55;0.495;0.6621;0.364;-0.0168;0.0123;55.0;;;;;;;;;en_attente
2026-08-10T10:43:07-04:00;America/New_York;11fa6982d2cf3659;scan;CCL;yahoo;28.295;0.2707;0.323;0.249;1.087;0.213;rejet_prob;prob 0.271 < seuil 0.323;;;;;;;;;;;;;;;;;;;;;en_attente
2026-08-10T10:43:08-04:00;America/New_York;11fa6982d2cf3659;scan;RIOT;yahoo;19.78;0.051;0.323;0.0661;0.772;-0.092;rejet_prob;prob 0.051 < seuil 0.323;;;;;;;;;;;;;;;;;;;;;en_attente
2026-08-10T10:43:08-04:00;America/New_York;11fa6982d2cf3659;scan;TLRY;yahoo;4.505;0.1156;0.323;0.4421;0.261;0.084;rejet_prob;prob 0.116 < seuil 0.323;;;;;;;;;;;;;;;;;;;;;en_attente
2026-08-10T10:43:09-04:00;America/New_York;11fa6982d2cf3659;scan;BAC;yahoo;63.765;0.1384;0.323;0.2608;0.531;0.417;rejet_prob;prob 0.138 < seuil 0.323;;;;;;;;;;;;;;;;;;;;;en_attente
2026-08-10T10:43:09-04:00;America/New_York;11fa6982d2cf3659;A;BAC;yahoo;63.765;0.1384;0.323;0.2608;0.531;0.417;rejet_prob;prob 0.138 < seuil 0.323;call;65.0;2026-09-04;25.0;0.79;0.85;0.82;0.2017;0.39;-0.0288;0.064;85.0;;;;;;;;;en_attente
2026-08-10T10:43:10-04:00;America/New_York;11fa6982d2cf3659;scan;AGNC;yahoo;10.76;0.1472;0.323;0.149;0.988;-0.128;rejet_prob;prob 0.147 < seuil 0.323;;;;;;;;;;;;;;;;;;;;;en_attente
2026-08-10T10:43:10-04:00;America/New_York;11fa6982d2cf3659;scan;KVUE;yahoo;19.035;0.2173;0.323;0.6095;0.357;-0.032;rejet_prob;prob 0.217 < seuil 0.323;;;;;;;;;;;;;;;;;;;;;en_attente
2026-08-11T10:43:28-04:00;America/New_York;11fa6982d2cf3659;scan;AAPL;yahoo;306.91;0.0219;0.323;0.0092;2.19;-0.148;rejet_prob;prob 0.022 < seuil 0.323;;;;;;;;;;;;;;;;;;;;;en_attente
2026-08-11T10:43:29-04:00;America/New_York;11fa6982d2cf3659;scan;NVDA;yahoo;219.02;0.1437;0.323;0.141;1.019;0.444;rejet_prob;prob 0.144 < seuil 0.323;;;;;;;;;;;;;;;;;;;;;en_attente
2026-08-11T10:43:29-04:00;America/New_York;11fa6982d2cf3659;scan;TSLA;yahoo;335.0951;0.0086;0.323;0.0095;0.86;-0.025;rejet_prob;prob 0.009 < seuil 0.323;;;;;;;;;;;;;;;;;;;;;en_attente
2026-08-11T10:43:30-04:00;America/New_York;11fa6982d2cf3659;scan;AMD;yahoo;467.12;0.2234;0.323;0.02;11.17;-0.026;rejet_prob;prob 0.223 < seuil 0.323;;;;;;;;;;;;;;;;;;;;;en_attente
2026-08-11T10:43:30-04:00;America/New_York;11fa6982d2cf3659;scan;META;yahoo;609.01;0.0929;0.323;0.0419;2.217;0.06;rejet_prob;prob 0.093 < seuil 0.323;;;;;;;;;;;;;;;;;;;;;en_attente
2026-08-11T10:43:31-04:00;America/New_York;11fa6982d2cf3659;scan;SPY;yahoo;773.515;0.0807;0.323;0.0687;1.175;0.027;rejet_prob;prob 0.081 < seuil 0.323;;;;;;;;;;;;;;;;;;;;;en_attente
2026-08-11T10:43:32-04:00;America/New_York;11fa6982d2cf3659;scan;QQQ;yahoo;720.93;0.0863;0.323;0.0421;2.05;-0.026;rejet_prob;prob 0.086 < seuil 0.323;;;;;;;;;;;;;;;;;;;;;en_attente
2026-08-11T10:43:33-04:00;America/New_York;11fa6982d2cf3659;scan;COIN;yahoo;150.01;0.1715;0.323;0.0644;2.663;-0.301;rejet_prob;prob 0.172 < seuil 0.323;;;;;;;;;;;;;;;;;;;;;en_attente
2026-08-11T10:43:33-04:00;America/New_York;11fa6982d2cf3659;scan;PLTR;yahoo;176.97;0.0082;0.323;0.0004;0.82;0.564;rejet_prob;prob 0.008 < seuil 0.323;;;;;;;;;;;;;;;;;;;;;en_attente
2026-08-11T10:43:34-04:00;America/New_York;11fa6982d2cf3659;scan;SOFI;yahoo;18.265;0.0519;0.323;0.0248;2.093;0.455;rejet_prob;prob 0.052 < seuil 0.323;;;;;;;;;;;;;;;;;;;;;en_attente
2026-08-11T10:43:34-04:00;America/New_York;11fa6982d2cf3659;A;SOFI;yahoo;18.265;0.0519;0.323;0.0248;2.093;0.455;rejet_prob;prob 0.052 < seuil 0.323;call;19.0;2026-09-04;24.0;0.55;0.58;0.565;0.4629;0.402;-0.0183;0.0181;58.0;;;;;;;;;en_attente
2026-08-11T10:43:34-04:00;America/New_York;11fa6982d2cf3659;scan;MARA;yahoo;9.74;0.0827;0.323;0.0616;1.343;-0.35;rejet_prob;prob 0.083 < seuil 0.323;;;;;;;;;;;;;;;;;;;;;en_attente
2026-08-11T10:43:34-04:00;America/New_York;11fa6982d2cf3659;A;MARA;yahoo;9.74;0.0827;0.323;0.0616;1.343;-0.35;rejet_prob;prob 0.083 < seuil 0.323;put;9.5;2026-09-04;24.0;0.68;0.77;0.725;0.8379;0.406;-0.0163;0.0097;77.0;;;;;;;;;en_attente
2026-08-11T10:43:35-04:00;America/New_York;11fa6982d2cf3659;scan;F;yahoo;14.125;0.2377;0.323;0.254;0.936;0.036;rejet_prob;prob 0.238 < seuil 0.323;;;;;;;;;;;;;;;;;;;;;en_attente
2026-08-11T10:43:36-04:00;America/New_York;11fa6982d2cf3659;scan;T;yahoo;24.225;0.1026;0.323;0.1414;0.726;0.485;rejet_prob;prob 0.103 < seuil 0.323;;;;;;;;;;;;;;;;;;;;;en_attente
2026-08-11T10:43:36-04:00;America/New_York;11fa6982d2cf3659;A;T;yahoo;24.225;0.1026;0.323;0.1414;0.726;0.485;rejet_prob;prob 0.103 < seuil 0.323;call;25.0;2026-09-04;24.0;0.3;0.38;0.34;0.2725;0.354;-0.0141;0.0231;38.0;;;;;;;;;en_attente
2026-08-11T10:43:37-04:00;America/New_York;11fa6982d2cf3659;scan;PFE;yahoo;26.855;0.2546;0.323;0.4169;0.611;0.734;rejet_prob;prob 0.255 < seuil 0.323;;;;;;;;;;;;;;;;;;;;;en_attente
2026-08-11T10:43:37-04:00;America/New_York;11fa6982d2cf3659;A;PFE;yahoo;26.855;0.2546;0.323;0.4169;0.611;0.734;rejet_prob;prob 0.255 < seuil 0.323;call;27.5;2026-09-04;24.0;0.28;0.35;0.315;0.2178;0.365;-0.0129;0.0259;35.0;;;;;;;;;en_attente
2026-08-11T10:43:37-04:00;America/New_York;11fa6982d2cf3659;scan;AAL;yahoo;15.365;0.1723;0.323;0.0535;3.221;0.325;rejet_prob;prob 0.172 < seuil 0.323;;;;;;;;;;;;;;;;;;;;;en_attente
2026-08-11T10:43:37-04:00;America/New_York;11fa6982d2cf3659;A;AAL;yahoo;15.365;0.1723;0.323;0.0535;3.221;0.325;rejet_prob;prob 0.172 < seuil 0.323;call;16.0;2026-09-04;24.0;0.5;0.72;0.61;0.5449;0.421;-0.0182;0.0154;72.0;;;;;;;;;en_attente
2026-08-11T10:43:38-04:00;America/New_York;11fa6982d2cf3659;scan;NIO;yahoo;4.5793;0.3585;0.323;0.4017;0.892;-0.056;rejet_ratio;options déjà chères : ratio 0.89 < 1.5 (p_implicite 0.402);;;;;;;;;;;;;;;;;;;;;en_attente
2026-08-11T10:43:38-04:00;America/New_York;11fa6982d2cf3659;scan;INTC;yahoo;97.0351;0.1894;0.323;0.065;2.914;0.21;rejet_prob;prob 0.189 < seuil 0.323;;;;;;;;;;;;;;;;;;;;;en_attente
2026-08-11T10:43:39-04:00;America/New_York;11fa6982d2cf3659;scan;PLUG;yahoo;2.175;0.2282;0.323;0.3268;0.698;0.376;rejet_prob;prob 0.228 < seuil 0.323;;;;;;;;;;;;;;;;;;;;;en_attente
2026-08-11T10:43:39-04:00;America/New_York;11fa6982d2cf3659;A;PLUG;yahoo;2.175;0.2282;0.323;0.3268;0.698;0.376;rejet_prob;prob 0.228 < seuil 0.323;call;2.5;2026-09-04;24.0;0.08;0.14;0.11;0.9766;0.338;-0.0042;0.002;14.0;;;;;;;;;en_attente
2026-08-11T10:43:39-04:00;America/New_York;11fa6982d2cf3659;scan;RIVN;yahoo;16.445;0.1301;0.323;0.1178;1.104;0.145;rejet_prob;prob 0.130 < seuil 0.323;;;;;;;;;;;;;;;;;;;;;en_attente
2026-08-11T10:43:40-04:00;America/New_York;11fa6982d2cf3659;scan;LCID;yahoo;6.7202;0.0692;0.323;0.0085;6.92;0.1;rejet_prob;prob 0.069 < seuil 0.323;;;;;;;;;;;;;;;;;;;;;en_attente
2026-08-11T10:43:40-04:00;America/New_York;11fa6982d2cf3659;scan;SNAP;yahoo;5.505;0.0811;0.323;0.0264;3.072;0.724;rejet_prob;prob 0.081 < seuil 0.323;;;;;;;;;;;;;;;;;;;;;en_attente
2026-08-11T10:43:40-04:00;America/New_York;11fa6982d2cf3659;A;SNAP;yahoo;5.505;0.0811;0.323;0.0264;3.072;0.724;rejet_prob;prob 0.081 < seuil 0.323;call;6.0;2026-09-04;24.0;0.11;0.15;0.13;0.5313;0.294;-0.0056;0.0049;15.0;;;;;;;;;en_attente
2026-08-11T10:43:41-04:00;America/New_York;11fa6982d2cf3659;scan;WBD;yahoo;27.11;0.1224;0.323;0.7074;0.173;0.399;rejet_prob;prob 0.122 < seuil 0.323;;;;;;;;;;;;;;;;;;;;;en_attente
2026-08-11T10:43:41-04:00;America/New_York;11fa6982d2cf3659;A;WBD;yahoo;27.11;0.1224;0.323;0.7074;0.173;0.399;rejet_prob;prob 0.122 < seuil 0.323;call;29.0;2026-09-04;24.0;0.05;0.4;0.225;0.374;0.266;-0.0186;0.0228;40.0;;;;;;;;;en_attente
2026-08-11T10:43:41-04:00;America/New_York;11fa6982d2cf3659;scan;VALE;yahoo;14.685;0.229;0.323;0.5142;0.445;0.384;rejet_prob;prob 0.229 < seuil 0.323;;;;;;;;;;;;;;;;;;;;;en_attente
2026-08-11T10:43:41-04:00;America/New_York;11fa6982d2cf3659;A;VALE;yahoo;14.685;0.229;0.323;0.5142;0.445;0.384;rejet_prob;prob 0.229 < seuil 0.323;call;15.0;2026-09-04;24.0;0.18;0.23;0.205;0.2363;0.393;-0.0078;0.0145;23.0;;;;;;;;;en_attente
2026-08-11T10:43:42-04:00;America/New_York;11fa6982d2cf3659;scan;PBR;yahoo;18.0901;0.2605;0.323;0.3705;0.703;0.452;rejet_prob;prob 0.261 < seuil 0.323;;;;;;;;;;;;;;;;;;;;;en_attente
2026-08-11T10:43:42-04:00;America/New_York;11fa6982d2cf3659;A;PBR;yahoo;18.0901;0.2605;0.323;0.3705;0.703;0.452;rejet_prob;prob 0.261 < seuil 0.323;call;19.0;2026-09-04;24.0;0.01;0.75;0.38;0.5938;0.41;-0.0231;0.018;75.0;;;;;;;;;en_attente
2026-08-11T10:43:42-04:00;America/New_York;11fa6982d2cf3659;scan;GOLD;yahoo;42.89;0.2615;0.323;0.2885;0.906;0.533;rejet_prob;prob 0.262 < seuil 0.323;;;;;;;;;;;;;;;;;;;;;en_attente
2026-08-11T10:43:42-04:00;America/New_York;11fa6982d2cf3659;A;GOLD;yahoo;42.89;0.2615;0.323;0.2885;0.906;0.533;rejet_prob;prob 0.262 < seuil 0.323;call;45.0;2026-09-18;38.0;2.15;2.7;2.425;0.5901;0.447;-0.0446;0.0547;270.0;;;;;;;;;en_attente
2026-08-11T10:43:43-04:00;America/New_York;11fa6982d2cf3659;scan;CLF;yahoo;12.69;0.0464;0.323;0.0483;0.961;0.564;rejet_prob;prob 0.046 < seuil 0.323;;;;;;;;;;;;;;;;;;;;;en_attente
2026-08-11T10:43:43-04:00;America/New_York;11fa6982d2cf3659;A;CLF;yahoo;12.69;0.0464;0.323;0.0483;0.961;0.564;rejet_prob;prob 0.046 < seuil 0.323;call;13.5;2026-09-04;24.0;0.39;0.8;0.595;0.6924;0.404;-0.0187;0.0126;80.0;;;;;;;;;en_attente
2026-08-11T10:43:44-04:00;America/New_York;11fa6982d2cf3659;scan;CCL;yahoo;28.34;0.2217;0.323;0.2058;1.077;0.705;rejet_prob;prob 0.222 < seuil 0.323;;;;;;;;;;;;;;;;;;;;;en_attente
2026-08-11T10:43:44-04:00;America/New_York;11fa6982d2cf3659;A;CCL;yahoo;28.34;0.2217;0.323;0.2058;1.077;0.705;rejet_prob;prob 0.222 < seuil 0.323;call;30.0;2026-09-04;24.0;0.5;0.87;0.685;0.5132;0.365;-0.0304;0.0273;87.0;;;;;;;;;en_attente
2026-08-11T10:43:44-04:00;America/New_York;11fa6982d2cf3659;scan;RIOT;yahoo;20.305;0.0227;0.323;0.0338;0.672;0.315;rejet_prob;prob 0.023 < seuil 0.323;;;;;;;;;;;;;;;;;;;;;en_attente
2026-08-11T10:43:45-04:00;America/New_York;11fa6982d2cf3659;scan;TLRY;yahoo;4.675;0.2133;0.323;0.4329;0.493;0.669;rejet_prob;prob 0.213 < seuil 0.323;;;;;;;;;;;;;;;;;;;;;en_attente
2026-08-11T10:43:45-04:00;America/New_York;11fa6982d2cf3659;A;TLRY;yahoo;4.675;0.2133;0.323;0.4329;0.493;0.669;rejet_prob;prob 0.213 < seuil 0.323;call;5.0;2026-09-04;24.0;0.18;0.3;0.24;0.7539;0.407;-0.0075;0.0047;30.0;;;;;;;;;en_attente
2026-08-11T10:43:45-04:00;America/New_York;11fa6982d2cf3659;scan;BAC;yahoo;63.805;0.0758;0.323;0.2986;0.254;0.422;rejet_prob;prob 0.076 < seuil 0.323;;;;;;;;;;;;;;;;;;;;;en_attente
2026-08-11T10:43:45-04:00;America/New_York;11fa6982d2cf3659;A;BAC;yahoo;63.805;0.0758;0.323;0.2986;0.254;0.422;rejet_prob;prob 0.076 < seuil 0.323;call;65.0;2026-09-04;24.0;0.75;0.9;0.825;0.2109;0.397;-0.0307;0.0631;90.0;;;;;;;;;en_attente
2026-08-11T10:43:46-04:00;America/New_York;11fa6982d2cf3659;scan;AGNC;yahoo;10.8;0.07;0.323;0.3892;0.18;0.276;rejet_prob;prob 0.070 < seuil 0.323;;;;;;;;;;;;;;;;;;;;;en_attente
2026-08-11T10:43:46-04:00;America/New_York;11fa6982d2cf3659;scan;KVUE;yahoo;18.935;0.1949;0.323;0.5129;0.38;0.399;rejet_prob;prob 0.195 < seuil 0.323;;;;;;;;;;;;;;;;;;;;;en_attente
2026-08-11T10:43:46-04:00;America/New_York;11fa6982d2cf3659;A;KVUE;yahoo;18.935;0.1949;0.323;0.5129;0.38;0.399;rejet_prob;prob 0.195 < seuil 0.323;call;18.5;2026-09-04;24.0;0.28;0.98;0.63;0.3799;0.625;-0.0159;0.0184;98.0;;;;;;;;;en_attente
2026-08-11T10:43:46-04:00;America/New_York;11fa6982d2cf3659;C;KVUE;yahoo;18.935;0.1949;0.323;0.5129;0.38;0.399;controle_aleatoire;contrôle apparié, direction aléatoire baisse;put;19.0;2026-09-04;24.0;0.24;0.94;0.59;0.458;0.478;-0.0172;0.0193;94.0;;;;;;;;;en_attente
